0,0,0.1005088280,89610288.0000000000,8
0,1,0.0282403980,89610288.0000000000,8
0,2,0.0283498390,89610288.0000000000,8
0,3,0.0286045120,89746992.0000000000,8
0,4,0.0283401540,89610288.0000000000,8
0,5,0.0281813230,89610288.0000000000,8
0,6,0.0286848090,89746992.0000000000,8
0,7,0.0282013420,89610288.0000000000,8
0,8,0.0870743920,89610288.0000000000,10
0,9,0.0283955670,89610288.0000000000,10
0,10,0.0287873550,89746992.0000000000,10
0,11,0.0282649960,89610288.0000000000,10
0,12,0.0812035180,78452272.0000000000,2
0,13,0.0267872630,78588976.0000000000,2
0,14,0.0262492980,78452272.0000000000,2
0,15,0.0365543570,153778224.0000000000,8
0,16,0.0367147650,153778224.0000000000,8
0,17,0.0365803490,153778224.0000000000,8
0,18,0.0372569440,154040368.0000000000,8
0,19,0.0366166960,153778224.0000000000,8
0,20,0.0366228410,153778224.0000000000,8
0,21,0.0374327940,154040368.0000000000,8
0,22,0.0365774610,153778224.0000000000,8
0,23,0.0366313180,153778224.0000000000,10
0,24,0.0367322140,153778224.0000000000,10
0,25,0.0374034180,154040368.0000000000,10
0,26,0.0365647590,153778224.0000000000,10
0,27,0.0333221000,134599216.0000000000,2
0,28,0.0341096900,134861360.0000000000,2
0,29,0.0333077440,134599216.0000000000,2
0,30,0.0347388100,153778224.0000000000,8
0,31,0.0347162050,153778224.0000000000,8
0,32,0.0347122540,153778224.0000000000,8
0,33,0.0354937580,154040368.0000000000,8
0,34,0.0346834200,153778224.0000000000,8
0,35,0.0347853280,153778224.0000000000,8
0,36,0.0941438050,154040368.0000000000,9
0,37,0.0349766790,153778224.0000000000,9
0,38,0.0347789340,153778224.0000000000,10
0,39,0.0346887600,153778224.0000000000,10
0,40,0.0353619310,154040368.0000000000,10
0,41,0.0347724040,153778224.0000000000,10
0,42,0.0315788240,134599216.0000000000,2
0,43,0.0323405350,134861360.0000000000,2
0,44,0.0316406630,134599216.0000000000,2
0,45,0.0336235310,153778224.0000000000,8
0,46,0.0337949510,153778224.0000000000,8
0,47,0.0337476120,153778224.0000000000,8
0,48,0.0343186030,154040368.0000000000,8
0,49,0.0337063600,153778224.0000000000,9
0,50,0.0337653750,153778224.0000000000,9
0,51,0.0344411110,154040368.0000000000,9
0,52,0.0337903240,153778224.0000000000,9
0,53,0.0336441320,153778224.0000000000,10
0,54,0.0337353800,153778224.0000000000,10
0,55,0.0344271330,154040368.0000000000,2
0,56,0.0337723690,153778224.0000000000,2
0,57,0.0307659260,134599216.0000000000,2
0,58,0.0313598000,134861360.0000000000,2
0,59,0.0307422000,134599216.0000000000,2
0,60,0.0337704960,153778224.0000000000,9
0,61,0.0337558680,153778224.0000000000,9
0,62,0.0337600240,153778224.0000000000,9
0,63,0.0343959140,154040368.0000000000,9
0,64,0.0337412790,153778224.0000000000,9
0,65,0.0337889710,153778224.0000000000,9
0,66,0.0342689000,154040368.0000000000,10
0,67,0.0337227260,153778224.0000000000,10
0,68,0.0337950040,153778224.0000000000,2
0,69,0.0337764670,153778224.0000000000,2
0,70,0.0344108520,154040368.0000000000,2
0,71,0.0337515000,153778224.0000000000,2
0,72,0.0849251440,134599216.0000000000,3
0,73,0.0313140960,134861360.0000000000,3
0,74,0.0304942500,134599216.0000000000,3
0,75,0.0338373690,153778224.0000000000,9
0,76,0.0337472920,153778224.0000000000,9
0,77,0.0337874300,153778224.0000000000,9
0,78,0.0343551760,154040368.0000000000,9
0,79,0.0338031790,153778224.0000000000,9
0,80,0.0337940900,153778224.0000000000,9
0,81,0.0341732950,154040368.0000000000,10
0,82,0.0337198390,153778224.0000000000,10
0,83,0.0337926590,153778224.0000000000,2
0,84,0.0337938070,153778224.0000000000,2
0,85,0.0344585370,154040368.0000000000,2
0,86,0.0337264210,153778224.0000000000,2
0,87,0.0304699630,134599216.0000000000,3
0,88,0.0312130890,134861360.0000000000,3
0,89,0.0303904310,134599216.0000000000,3
0,90,0.0336977530,153778224.0000000000,9
0,91,0.0337468990,153778224.0000000000,9
0,92,0.0337943110,153778224.0000000000,9
0,93,0.0343576700,154040368.0000000000,9
0,94,0.0336279010,153778224.0000000000,10
0,95,0.0336691220,153778224.0000000000,10
0,96,0.0343650650,154040368.0000000000,10
0,97,0.0337257680,153778224.0000000000,10
0,98,0.0337491770,153778224.0000000000,2
0,99,0.0337854440,153778224.0000000000,2
0,100,0.0344187780,154040368.0000000000,2
0,101,0.0337820680,153778224.0000000000,2
0,102,0.0303840760,134599216.0000000000,3
0,103,0.0311545460,134861360.0000000000,3
0,104,0.0304430710,134599216.0000000000,3
0,105,0.0362200190,153778224.0000000000,9
0,106,0.0362279650,153778224.0000000000,9
0,107,0.0362124480,153778224.0000000000,9
0,108,0.0369303180,154040368.0000000000,9
0,109,0.0360380580,153778224.0000000000,10
0,110,0.0361302470,153778224.0000000000,10
0,111,0.0368183030,154040368.0000000000,10
0,112,0.0360844280,153778224.0000000000,10
0,113,0.0361865310,153778224.0000000000,2
0,114,0.0362129600,153778224.0000000000,2
0,115,0.0370305800,154040368.0000000000,3
0,116,0.0361764590,153778224.0000000000,3
0,117,0.0326352530,134599216.0000000000,3
0,118,0.0332274170,134861360.0000000000,3
0,119,0.0324424810,134599216.0000000000,3
0,120,0.0366209290,153778224.0000000000,3
0,121,0.0366739920,153778224.0000000000,3
0,122,0.0366298870,153778224.0000000000,3
0,123,0.0374829330,154040368.0000000000,3
0,124,0.1000858310,153778224.0000000000,11
0,125,0.0370319600,153778224.0000000000,11
0,126,0.0375459320,154040368.0000000000,11
0,127,0.0367653130,153778224.0000000000,11
0,128,0.0937515070,153778224.0000000000,12
0,129,0.0368207420,153778224.0000000000,12
0,130,0.0924271310,154040368.0000000000,4
0,131,0.0367931710,153778224.0000000000,4
0,132,0.0328696400,134599216.0000000000,4
0,133,0.0335847290,134861360.0000000000,4
0,134,0.0327331930,134599216.0000000000,4
0,135,0.0201436880,33716272.0000000000,3
0,136,0.0201671940,33716272.0000000000,3
0,137,0.0201731570,33716272.0000000000,3
0,138,0.0202827870,33743920.0000000000,3
0,139,0.0201716350,33716272.0000000000,11
0,140,0.0201960300,33716272.0000000000,11
0,141,0.0203353510,33743920.0000000000,11
0,142,0.0201416450,33716272.0000000000,11
0,143,0.0201467820,33716272.0000000000,4
0,144,0.0200868360,33716272.0000000000,4
0,145,0.0202600130,33743920.0000000000,4
0,146,0.0201700760,33716272.0000000000,4
0,147,0.0185196110,29545008.0000000000,4
0,148,0.0185569260,29572656.0000000000,4
0,149,0.0186122730,29545008.0000000000,4
0,150,0.0160832190,19560496.0000000000,3
0,151,0.0161519210,19560496.0000000000,3
0,152,0.0160842720,19560496.0000000000,3
0,153,0.0162076800,19560496.0000000000,3
0,154,0.0161924800,19560496.0000000000,11
0,155,0.0161775610,19560496.0000000000,11
0,156,0.0161933830,19560496.0000000000,11
0,157,0.0161974110,19560496.0000000000,11
0,158,0.0161324640,19560496.0000000000,4
0,159,0.0161157500,19560496.0000000000,4
0,160,0.0161819910,19560496.0000000000,4
0,161,0.0161224820,19560496.0000000000,4
0,162,0.0145815510,17158704.0000000000,4
0,163,0.0145848790,17158704.0000000000,4
0,164,0.0146638810,17158704.0000000000,4
0,165,0.0161416920,19560496.0000000000,3
0,166,0.0161174940,19560496.0000000000,3
0,167,0.0161036700,19560496.0000000000,11
0,168,0.0162533300,19560496.0000000000,11
0,169,0.0161688960,19560496.0000000000,11
0,170,0.0161796390,19560496.0000000000,11
0,171,0.0161829630,19560496.0000000000,11
0,172,0.0160834900,19560496.0000000000,11
0,173,0.0161091110,19560496.0000000000,4
0,174,0.0161080140,19560496.0000000000,4
0,175,0.0161882520,19560496.0000000000,4
0,176,0.0161517320,19560496.0000000000,4
0,177,0.0147029270,17158704.0000000000,4
0,178,0.0145999680,17158704.0000000000,4
0,179,0.0146025530,17158704.0000000000,4
0,180,0.0160652440,19560496.0000000000,11
0,181,0.0162132220,19560496.0000000000,11
0,182,0.0161678450,19560496.0000000000,11
0,183,0.0162500440,19560496.0000000000,11
0,184,0.0161629580,19560496.0000000000,12
0,185,0.0160647180,19560496.0000000000,12
0,186,0.0161614240,19560496.0000000000,12
0,187,0.0161413450,19560496.0000000000,12
0,188,0.0161431060,19560496.0000000000,4
0,189,0.0161380250,19560496.0000000000,4
0,190,0.0790404380,19560496.0000000000,5
0,191,0.0161768510,19560496.0000000000,5
0,192,0.0146668580,17158704.0000000000,5
0,193,0.0146924980,17158704.0000000000,5
0,194,0.0145968220,17158704.0000000000,5
0,195,0.0161900150,19560496.0000000000,11
0,196,0.0162100560,19560496.0000000000,11
0,197,0.0161645970,19560496.0000000000,11
0,198,0.0162350130,19560496.0000000000,11
0,199,0.0161039130,19560496.0000000000,12
0,200,0.0160799180,19560496.0000000000,12
0,201,0.0161335190,19560496.0000000000,12
0,202,0.0161439280,19560496.0000000000,12
0,203,0.0161256580,19560496.0000000000,5
0,204,0.0161078850,19560496.0000000000,5
0,205,0.0161894450,19560496.0000000000,5
0,206,0.0161282440,19560496.0000000000,5
0,207,0.0146356160,17158704.0000000000,5
0,208,0.0145456810,17158704.0000000000,5
0,209,0.0145556410,17158704.0000000000,5
0,210,0.0160979930,19560496.0000000000,12
0,211,0.0161302140,19560496.0000000000,12
0,212,0.0161061160,19560496.0000000000,12
0,213,0.0161561160,19560496.0000000000,12
0,214,0.0161771320,19560496.0000000000,12
0,215,0.0160756070,19560496.0000000000,12
0,216,0.0161906530,19560496.0000000000,12
0,217,0.0161331390,19560496.0000000000,12
0,218,0.0161205400,19560496.0000000000,5
0,219,0.0161499680,19560496.0000000000,5
0,220,0.0160676320,19560496.0000000000,5
0,221,0.0161382370,19560496.0000000000,5
0,222,0.0145893900,17158704.0000000000,5
0,223,0.0145567750,17158704.0000000000,5
0,224,0.0145942270,17158704.0000000000,5
0,225,0.0160684850,19560496.0000000000,12
0,226,0.0160818690,19560496.0000000000,12
0,227,0.0160936320,19560496.0000000000,12
0,228,0.0161507240,19560496.0000000000,12
0,229,0.0161138300,19560496.0000000000,12
0,230,0.0160945940,19560496.0000000000,12
0,231,0.0161264480,19560496.0000000000,12
0,232,0.0160874510,19560496.0000000000,12
0,233,0.0161368210,19560496.0000000000,5
0,234,0.0160474900,19560496.0000000000,5
0,235,0.0161218460,19560496.0000000000,5
0,236,0.0161074870,19560496.0000000000,5
0,237,0.0145504020,17158704.0000000000,5
0,238,0.0145980870,17158704.0000000000,5
0,239,0.0145776890,17158704.0000000000,5
0,240,0.0160668380,19560496.0000000000,5
0,241,0.0160743040,19560496.0000000000,5
0,242,0.0787492420,19560496.0000000000,13
0,243,0.0162281070,19560496.0000000000,13
0,244,0.0161450130,19560496.0000000000,13
0,245,0.0161737400,19560496.0000000000,13
0,246,0.0161915340,19560496.0000000000,13
0,247,0.0161194410,19560496.0000000000,13
0,248,0.0783093880,19560496.0000000000,14
0,249,0.0161798500,19560496.0000000000,14
0,250,0.0162451060,19560496.0000000000,14
0,251,0.0161202540,19560496.0000000000,14
0,252,0.0147337620,17158704.0000000000,14
0,253,0.0783268010,17158704.0000000000,6
0,254,0.0147569450,17158704.0000000000,6
0,255,0.0161063960,19560496.0000000000,13
0,256,0.0161440120,19560496.0000000000,13
0,257,0.0161293920,19560496.0000000000,13
0,258,0.0161551500,19560496.0000000000,13
0,259,0.0161058730,19560496.0000000000,13
0,260,0.0161309650,19560496.0000000000,13
0,261,0.0161808030,19560496.0000000000,13
0,262,0.0161300530,19560496.0000000000,13
0,263,0.0161085210,19560496.0000000000,14
0,264,0.0161655840,19560496.0000000000,14
0,265,0.0162265310,19560496.0000000000,14
0,266,0.0161760640,19560496.0000000000,14
0,267,0.0146804450,17158704.0000000000,6
0,268,0.0146405540,17158704.0000000000,6
0,269,0.0146328020,17158704.0000000000,6
0,270,0.0160711890,19560496.0000000000,13
0,271,0.0161283200,19560496.0000000000,13
0,272,0.0161276070,19560496.0000000000,13
0,273,0.0161455830,19560496.0000000000,13
0,274,0.0160772890,19560496.0000000000,13
0,275,0.0161004170,19560496.0000000000,13
0,276,0.0779154100,19560496.0000000000,0
0,277,0.0161895630,19560496.0000000000,0
0,278,0.0161795720,19560496.0000000000,14
0,279,0.0161242020,19560496.0000000000,14
0,280,0.0161913800,19560496.0000000000,14
0,281,0.0161241530,19560496.0000000000,14
0,282,0.0148096520,17158704.0000000000,6
0,283,0.0147336290,17158704.0000000000,6
0,284,0.0147609400,17158704.0000000000,6
0,285,0.0161195620,19560496.0000000000,13
0,286,0.0160975680,19560496.0000000000,13
0,287,0.0161134720,19560496.0000000000,13
0,288,0.0161385400,19560496.0000000000,13
0,289,0.0161134620,19560496.0000000000,13
0,290,0.0161191420,19560496.0000000000,13
0,291,0.0161147110,19560496.0000000000,0
0,292,0.0161490460,19560496.0000000000,0
0,293,0.0161049840,19560496.0000000000,14
0,294,0.0161306360,19560496.0000000000,14
0,295,0.0161023390,19560496.0000000000,14
0,296,0.0161415080,19560496.0000000000,14
0,297,0.0147591340,17158704.0000000000,6
0,298,0.0147172370,17158704.0000000000,6
0,299,0.0146868570,17158704.0000000000,6
0,300,0.0161503000,19560496.0000000000,0
0,301,0.0161681360,19560496.0000000000,0
0,302,0.0161471100,19560496.0000000000,0
0,303,0.0161646160,19560496.0000000000,0
0,304,0.0160741030,19560496.0000000000,0
0,305,0.0161775820,19560496.0000000000,0
0,306,0.0161836130,19560496.0000000000,0
0,307,0.0168141700,19560496.0000000000,0
0,308,0.0161359110,19560496.0000000000,6
0,309,0.0161314020,19560496.0000000000,6
0,310,0.0161548180,19560496.0000000000,6
0,311,0.0161380860,19560496.0000000000,6
0,312,0.0147520720,17158704.0000000000,6
0,313,0.0731288200,17158704.0000000000,15
0,314,0.0147381800,17158704.0000000000,15
0,315,0.0161237890,19560496.0000000000,0
0,316,0.0161261120,19560496.0000000000,0
0,317,0.0161630120,19560496.0000000000,0
0,318,0.0161905670,19560496.0000000000,0
0,319,0.0161150590,19560496.0000000000,0
0,320,0.0161263250,19560496.0000000000,0
0,321,0.0162207580,19560496.0000000000,0
0,322,0.0161209990,19560496.0000000000,14
0,323,0.0161574640,19560496.0000000000,6
0,324,0.0161454200,19560496.0000000000,6
0,325,0.0162046840,19560496.0000000000,6
0,326,0.0161418120,19560496.0000000000,6
0,327,0.0146918510,17158704.0000000000,15
0,328,0.0146634370,17158704.0000000000,15
0,329,0.0147032320,17158704.0000000000,15
0,330,0.0161125670,19560496.0000000000,0
0,331,0.0161168030,19560496.0000000000,0
0,332,0.0160987100,19560496.0000000000,0
0,333,0.0161596180,19560496.0000000000,0
0,334,0.0161378590,19560496.0000000000,14
0,335,0.0161666630,19560496.0000000000,14
0,336,0.0161970720,19560496.0000000000,14
0,337,0.0161347330,19560496.0000000000,14
0,338,0.0161374610,19560496.0000000000,6
0,339,0.0161123160,19560496.0000000000,6
0,340,0.0161952630,19560496.0000000000,6
0,341,0.0161135450,19560496.0000000000,6
0,342,0.0146765590,17158704.0000000000,15
0,343,0.0147581470,17158704.0000000000,15
0,344,0.0147492520,17158704.0000000000,15
0,345,0.0161098730,19560496.0000000000,0
0,346,0.0161284860,19560496.0000000000,0
0,347,0.0160523860,19560496.0000000000,0
0,348,0.0162052760,19560496.0000000000,0
0,349,0.0161279710,19560496.0000000000,14
0,350,0.0161240390,19560496.0000000000,14
0,351,0.0162020730,19560496.0000000000,14
0,352,0.0161755740,19560496.0000000000,14
0,353,0.0161416510,19560496.0000000000,6
0,354,0.0161501180,19560496.0000000000,6
0,355,0.0161868200,19560496.0000000000,6
0,356,0.0160889990,19560496.0000000000,6
0,357,0.0147208750,17158704.0000000000,15
0,358,0.0147973040,17158704.0000000000,15
0,359,0.0146608420,17158704.0000000000,15
0,360,0.0161169670,19560496.0000000000,15
0,361,0.0161544300,19560496.0000000000,15
0,362,0.0161405340,19560496.0000000000,15
0,363,0.0161291330,19560496.0000000000,15
0,364,0.0747472430,19560496.0000000000,1
0,365,0.0161951960,19560496.0000000000,1
0,366,0.0162226280,19560496.0000000000,1
0,367,0.0162352220,19560496.0000000000,1
0,368,0.0161521840,19560496.0000000000,1
0,369,0.0162209230,19560496.0000000000,1
0,370,0.0162354520,19560496.0000000000,1
0,371,0.0760962430,19560496.0000000000,7
0,372,0.0147616600,17158704.0000000000,7
0,373,0.0147328530,17158704.0000000000,7
0,374,0.0147002210,17158704.0000000000,7
0,375,0.0161190710,19560496.0000000000,15
0,376,0.0161185690,19560496.0000000000,15
0,377,0.0161364350,19560496.0000000000,15
0,378,0.0161913830,19560496.0000000000,15
0,379,0.0162011350,19560496.0000000000,1
0,380,0.0161496890,19560496.0000000000,1
0,381,0.0162277790,19560496.0000000000,1
0,382,0.0161256910,19560496.0000000000,1
0,383,0.0161606000,19560496.0000000000,1
0,384,0.0161569640,19560496.0000000000,1
0,385,0.0162717950,19560496.0000000000,7
0,386,0.0161530640,19560496.0000000000,7
0,387,0.0146790520,17158704.0000000000,7
0,388,0.0146403760,17158704.0000000000,7
0,389,0.0146824480,17158704.0000000000,7
0,390,0.0161114390,19560496.0000000000,15
0,391,0.0160829520,19560496.0000000000,15
0,392,0.0161215360,19560496.0000000000,15
0,393,0.0161655720,19560496.0000000000,15
0,394,0.0161802280,19560496.0000000000,1
0,395,0.0161788230,19560496.0000000000,1
0,396,0.0161791140,19560496.0000000000,1
0,397,0.0161428850,19560496.0000000000,1
0,398,0.0161675100,19560496.0000000000,7
0,399,0.0160906940,19560496.0000000000,7
0,400,0.0161997730,19560496.0000000000,7
0,401,0.0161371250,19560496.0000000000,7
0,402,0.0146883270,17158704.0000000000,7
0,403,0.0147507990,17158704.0000000000,7
0,404,0.0147424940,17158704.0000000000,7
0,405,0.0161181090,19560496.0000000000,15
0,406,0.0160944540,19560496.0000000000,15
0,407,0.0161145840,19560496.0000000000,15
0,408,0.0161880060,19560496.0000000000,15
0,409,0.0161405910,19560496.0000000000,1
0,410,0.0161450770,19560496.0000000000,1
0,411,0.0161912970,19560496.0000000000,1
0,412,0.0161186480,19560496.0000000000,1
0,413,0.0160975870,19560496.0000000000,7
0,414,0.0161439470,19560496.0000000000,7
0,415,0.0161889120,19560496.0000000000,7
0,416,0.0161007010,19560496.0000000000,7
0,417,0.0146356860,17158704.0000000000,7
0,418,0.0146430300,17158704.0000000000,7
0,419,0.0146914240,17158704.0000000000,7
0,420,0.0120465360,14756912.0000000000,1
0,421,0.0121014430,14756912.0000000000,1
0,422,0.0120446350,14756912.0000000000,1
0,423,0.0121461900,14756912.0000000000,1
0,424,0.0120504040,14756912.0000000000,1
0,425,0.0120747210,14756912.0000000000,1
0,426,0.0121206490,14756912.0000000000,1
0,427,0.0120498800,14756912.0000000000,1
0,428,0.0120387070,14756912.0000000000,7
0,429,0.0120465460,14756912.0000000000,7
0,430,0.0121215410,14756912.0000000000,7
0,431,0.0120469260,14756912.0000000000,7
0,432,0.0112652830,12944944.0000000000,7
0,433,0.0112646030,12944944.0000000000,7
0,434,0.0112512980,12944944.0000000000,7
100,0,0.1125544610,89450880.0000000000,0
100,1,0.0668019060,89460176.0000000000,0
100,2,0.1156017240,89458032.0000000000,5
100,3,0.1205539770,89443392.0000000000,7
100,4,0.0749193520,89429184.0000000000,12
100,5,0.0683677690,89418752.0000000000,7
100,6,0.1216069520,89414576.0000000000,6
100,7,0.0687097480,89417936.0000000000,10
100,8,0.0717470600,89441248.0000000000,9
100,9,0.0683406950,89466448.0000000000,5
100,10,0.0721710470,89485904.0000000000,11
100,11,0.0675895060,89492624.0000000000,6
100,12,0.0599978940,78349456.0000000000,10
100,13,0.0596363960,78346880.0000000000,11
100,14,0.0595580260,78331504.0000000000,12
100,15,0.1168531920,153748704.0000000000,4
100,16,0.1600998430,153778720.0000000000,14
100,17,0.1170232710,153784944.0000000000,5
100,18,0.1172030080,153788192.0000000000,5
100,19,0.1583497870,153797376.0000000000,13
100,20,0.1144421310,153824592.0000000000,8
100,21,0.1177375490,153838816.0000000000,0
100,22,0.1559418290,153849792.0000000000,1
100,23,0.1176895720,153830640.0000000000,9
100,24,0.1175190390,153812384.0000000000,4
100,25,0.1174349990,153797600.0000000000,7
100,26,0.1174234350,153792000.0000000000,14
100,27,0.1033930090,134604592.0000000000,7
100,28,0.1032377730,134599008.0000000000,0
100,29,0.1032141270,134566512.0000000000,5
100,30,0.1166887260,153749328.0000000000,4
100,31,0.1139443370,153785024.0000000000,8
100,32,0.1167221230,153775056.0000000000,14
100,33,0.1167939490,153782608.0000000000,11
100,34,0.1167145120,153783264.0000000000,13
100,35,0.1167158550,153781024.0000000000,10
100,36,0.1260436260,153774784.0000000000,15
100,37,0.1166662610,153780016.0000000000,0
100,38,0.1168466660,153775168.0000000000,15
100,39,0.1168105500,153774752.0000000000,6
100,40,0.1167293990,153776704.0000000000,3
100,41,0.1165658790,153777328.0000000000,12
100,42,0.1029876060,134599888.0000000000,13
100,43,0.1033558710,134597760.0000000000,14
100,44,0.1029414840,134573760.0000000000,15
100,45,0.1166478310,153750752.0000000000,14
100,46,0.1167186620,153774832.0000000000,7
100,47,0.1167938290,153777888.0000000000,10
100,48,0.1166963720,153780352.0000000000,7
100,49,0.1138549140,153776752.0000000000,9
100,50,0.1166614980,153777120.0000000000,3
100,51,0.1167265500,153778000.0000000000,14
100,52,0.1166654050,153776336.0000000000,13
100,53,0.1167988680,153776224.0000000000,7
100,54,0.1167935160,153781552.0000000000,11
100,55,0.1167779570,153777888.0000000000,6
100,56,0.1167282100,153779424.0000000000,1
100,57,0.1009153480,134599984.0000000000,2
100,58,0.1028864220,134602688.0000000000,4
100,59,0.1029795560,134570496.0000000000,1
100,60,0.1168247380,153751872.0000000000,6
100,61,0.1166938130,153781136.0000000000,0
100,62,0.1165572440,153780352.0000000000,15
100,63,0.1165379280,153774976.0000000000,15
100,64,0.1167668540,153780320.0000000000,10
100,65,0.1167884280,153776320.0000000000,4
100,66,0.1138595620,153780128.0000000000,10
100,67,0.1166967760,153778896.0000000000,13
100,68,0.1167034230,153775872.0000000000,6
100,69,0.1167260480,153777328.0000000000,5
100,70,0.1168350270,153777952.0000000000,8
100,71,0.1167036440,153777776.0000000000,8
100,72,0.1030028550,134597648.0000000000,12
100,73,0.1029507690,134603072.0000000000,1
100,74,0.1030259490,134570112.0000000000,8
100,75,0.1165008630,153749456.0000000000,1
100,76,0.1166149810,153778432.0000000000,3
100,77,0.1166622940,153777760.0000000000,0
100,78,0.1165769040,153777120.0000000000,12
100,79,0.1167444020,153781584.0000000000,5
100,80,0.1167622030,153780896.0000000000,7
100,81,0.1168942810,153776688.0000000000,5
100,82,0.1167247440,153777104.0000000000,4
100,83,0.1166521030,153778784.0000000000,9
100,84,0.1167410760,153776992.0000000000,4
100,85,0.1139054810,153780736.0000000000,2
100,86,0.1169338410,153777440.0000000000,11
100,87,0.1031619260,134601344.0000000000,2
100,88,0.1030470810,134599440.0000000000,10
100,89,0.1028987970,134571712.0000000000,4
100,90,0.1167334800,153754368.0000000000,11
100,91,0.1164925780,153778672.0000000000,12
100,92,0.1166035690,153778560.0000000000,2
100,93,0.1167664060,153779120.0000000000,6
100,94,0.1166669620,153776736.0000000000,9
100,95,0.1166245100,153781808.0000000000,1
100,96,0.1168742700,153778784.0000000000,2
100,97,0.1167497070,153781248.0000000000,14
100,98,0.1166180750,153780352.0000000000,1
100,99,0.1165929730,153778224.0000000000,12
100,100,0.1168845010,153778416.0000000000,3
100,101,0.1166635400,153778784.0000000000,15
100,102,0.1032880700,134600128.0000000000,6
100,103,0.1007631250,134599216.0000000000,3
100,104,0.1030505980,134572336.0000000000,11
100,105,0.1165908790,153745744.0000000000,15
100,106,0.1166613860,153779088.0000000000,12
100,107,0.1167643690,153781360.0000000000,0
100,108,0.1166879230,153774016.0000000000,3
100,109,0.1168481010,153778080.0000000000,13
100,110,0.1167773650,153779008.0000000000,8
100,111,0.1167645970,153776608.0000000000,2
100,112,0.1165644840,153777408.0000000000,1
100,113,0.1167905910,153776656.0000000000,0
100,114,0.1168029360,153783424.0000000000,7
100,115,0.1167244490,153781920.0000000000,13
100,116,0.1168919170,153776176.0000000000,11
100,117,0.1030825480,134596304.0000000000,9
100,118,0.1030800840,134600672.0000000000,8
100,119,0.1007554910,134570320.0000000000,3
100,120,0.1167442920,153747840.0000000000,8
100,121,0.1168317400,153779808.0000000000,10
100,122,0.1167569640,153781360.0000000000,2
100,123,0.1168332220,153775424.0000000000,5
100,124,0.1141158990,153778800.0000000000,11
100,125,0.1167162220,153781136.0000000000,12
100,126,0.1165920780,153778416.0000000000,3
100,127,0.1167277690,153777856.0000000000,2
100,128,0.1168316030,153779200.0000000000,6
100,129,0.1166880800,153774496.0000000000,9
100,130,0.1168005790,153778672.0000000000,10
100,131,0.1167682070,153779552.0000000000,9
100,132,0.1029251540,134597360.0000000000,13
100,133,0.1032343150,134605040.0000000000,14
100,134,0.1028814400,134565744.0000000000,15
100,135,0.0201816720,33578416.0000000000,13
100,136,0.0202109730,33584544.0000000000,8
100,137,0.0201838590,33583968.0000000000,2
100,138,0.0202719310,33584416.0000000000,4
100,139,0.0203096030,33586096.0000000000,14
100,140,0.0201907340,33585136.0000000000,9
100,141,0.0201777570,33584016.0000000000,15
100,142,0.0202061560,33587328.0000000000,9
100,143,0.0201560970,33584640.0000000000,1
100,144,0.0202666890,33583856.0000000000,3
100,145,0.0203217270,33583968.0000000000,9
100,146,0.0202335740,33584416.0000000000,13
100,147,0.0186763020,29432448.0000000000,15
100,148,0.0188614690,29428720.0000000000,14
100,149,0.0186604940,29424608.0000000000,8
100,150,0.0081785950,19560496.0000000000,15
100,151,0.0081694420,19560496.0000000000,0
100,152,0.0082043240,19560496.0000000000,14
100,153,0.0081618570,19560496.0000000000,7
100,154,0.0081626200,19560496.0000000000,3
100,155,0.0081325750,19560496.0000000000,12
100,156,0.0081711470,19560496.0000000000,0
100,157,0.0082045810,19560496.0000000000,5
100,158,0.0081822390,19560496.0000000000,9
100,159,0.0081560110,19560496.0000000000,13
100,160,0.0081510180,19560496.0000000000,3
100,161,0.0081758260,19560496.0000000000,10
100,162,0.0070134710,17158704.0000000000,8
100,163,0.0071414820,17158704.0000000000,14
100,164,0.0070340940,17158704.0000000000,15
100,165,0.0081790920,19560496.0000000000,6
100,166,0.0081931610,19560496.0000000000,5
100,167,0.0081828100,19560496.0000000000,10
100,168,0.0081918880,19560496.0000000000,9
100,169,0.0081681090,19560496.0000000000,3
100,170,0.0081513180,19560496.0000000000,1
100,171,0.0081886710,19560496.0000000000,9
100,172,0.0081830300,19560496.0000000000,7
100,173,0.0081423250,19560496.0000000000,12
100,174,0.0081912150,19560496.0000000000,11
100,175,0.0081561790,19560496.0000000000,4
100,176,0.0081667480,19560496.0000000000,0
100,177,0.0070881350,17158704.0000000000,7
100,178,0.0071299640,17158704.0000000000,6
100,179,0.0070602650,17158704.0000000000,13
100,180,0.0081979990,19560496.0000000000,6
100,181,0.0081878710,19560496.0000000000,2
100,182,0.0081776490,19560496.0000000000,11
100,183,0.0082165340,19560496.0000000000,10
100,184,0.0082154520,19560496.0000000000,5
100,185,0.0081283780,19560496.0000000000,12
100,186,0.0081639920,19560496.0000000000,4
100,187,0.0081769820,19560496.0000000000,14
100,188,0.0081660690,19560496.0000000000,8
100,189,0.0082131080,19560496.0000000000,2
100,190,0.0081718610,19560496.0000000000,3
100,191,0.0081515920,19560496.0000000000,15
100,192,0.0071580480,17158704.0000000000,9
100,193,0.0071199030,17158704.0000000000,5
100,194,0.0069995150,17158704.0000000000,0
100,195,0.0081471500,19560496.0000000000,4
100,196,0.0081746730,19560496.0000000000,2
100,197,0.0081640530,19560496.0000000000,4
100,198,0.0081778190,19560496.0000000000,1
100,199,0.0081848530,19560496.0000000000,7
100,200,0.0081784300,19560496.0000000000,0
100,201,0.0081637220,19560496.0000000000,8
100,202,0.0081358830,19560496.0000000000,15
100,203,0.0081897840,19560496.0000000000,5
100,204,0.0081495240,19560496.0000000000,1
100,205,0.0081864170,19560496.0000000000,10
100,206,0.0081890950,19560496.0000000000,13
100,207,0.0071570930,17158704.0000000000,14
100,208,0.0069566010,17158704.0000000000,4
100,209,0.0071422800,17158704.0000000000,2
100,210,0.0081730720,19560496.0000000000,11
100,211,0.0081971880,19560496.0000000000,6
100,212,0.0082006040,19560496.0000000000,6
100,213,0.0081765380,19560496.0000000000,7
100,214,0.0081483940,19560496.0000000000,8
100,215,0.0081698030,19560496.0000000000,1
100,216,0.0081543940,19560496.0000000000,1
100,217,0.0081671160,19560496.0000000000,2
100,218,0.0081998510,19560496.0000000000,6
100,219,0.0081740110,19560496.0000000000,2
100,220,0.0081495860,19560496.0000000000,4
100,221,0.0081875390,19560496.0000000000,9
100,222,0.0069702990,17158704.0000000000,15
100,223,0.0071370770,17158704.0000000000,10
100,224,0.0070738750,17158704.0000000000,6
100,225,0.0081444180,19560496.0000000000,13
100,226,0.0081900850,19560496.0000000000,9
100,227,0.0081635470,19560496.0000000000,13
100,228,0.0081802080,19560496.0000000000,15
100,229,0.0081851520,19560496.0000000000,3
100,230,0.0081922890,19560496.0000000000,10
100,231,0.0082016700,19560496.0000000000,14
100,232,0.0082103440,19560496.0000000000,5
100,233,0.0081848440,19560496.0000000000,9
100,234,0.0081528620,19560496.0000000000,4
100,235,0.0081785160,19560496.0000000000,13
100,236,0.0081665970,19560496.0000000000,3
100,237,0.0071397630,17158704.0000000000,3
100,238,0.0071319910,17158704.0000000000,1
100,239,0.0071342030,17158704.0000000000,7
100,240,0.0081717970,19560496.0000000000,3
100,241,0.0081528410,19560496.0000000000,2
100,242,0.0081565610,19560496.0000000000,12
100,243,0.0082058700,19560496.0000000000,14
100,244,0.0081937510,19560496.0000000000,7
100,245,0.0081510360,19560496.0000000000,1
100,246,0.0081527300,19560496.0000000000,4
100,247,0.0081918110,19560496.0000000000,14
100,248,0.0081388350,19560496.0000000000,4
100,249,0.0081781310,19560496.0000000000,7
100,250,0.0081898420,19560496.0000000000,7
100,251,0.0081772080,19560496.0000000000,3
100,252,0.0071451160,17158704.0000000000,3
100,253,0.0070815330,17158704.0000000000,0
100,254,0.0071259160,17158704.0000000000,9
100,255,0.0081542150,19560496.0000000000,9
100,256,0.0081364050,19560496.0000000000,12
100,257,0.0081812300,19560496.0000000000,14
100,258,0.0081828390,19560496.0000000000,0
100,259,0.0081550890,19560496.0000000000,13
100,260,0.0081672100,19560496.0000000000,8
100,261,0.0081581620,19560496.0000000000,4
100,262,0.0081683600,19560496.0000000000,3
100,263,0.0082318430,19560496.0000000000,5
100,264,0.0081695890,19560496.0000000000,13
100,265,0.0082038000,19560496.0000000000,10
100,266,0.0081715070,19560496.0000000000,0
100,267,0.0069752960,17158704.0000000000,4
100,268,0.0070460570,17158704.0000000000,13
100,269,0.0071186030,17158704.0000000000,2
100,270,0.0081902420,19560496.0000000000,2
100,271,0.0082152030,19560496.0000000000,11
100,272,0.0081659670,19560496.0000000000,1
100,273,0.0081911570,19560496.0000000000,10
100,274,0.0081667790,19560496.0000000000,7
100,275,0.0082212630,19560496.0000000000,6
100,276,0.0082062960,19560496.0000000000,11
100,277,0.0082098420,19560496.0000000000,7
100,278,0.0081769870,19560496.0000000000,1
100,279,0.0082098230,19560496.0000000000,11
100,280,0.0081693320,19560496.0000000000,6
100,281,0.0081737620,19560496.0000000000,0
100,282,0.0070250350,17158704.0000000000,12
100,283,0.0070405250,17158704.0000000000,12
100,284,0.0070304730,17158704.0000000000,11
100,285,0.0081936950,19560496.0000000000,14
100,286,0.0082189780,19560496.0000000000,5
100,287,0.0082037590,19560496.0000000000,9
100,288,0.0081337980,19560496.0000000000,12
100,289,0.0081520720,19560496.0000000000,13
100,290,0.0081949420,19560496.0000000000,5
100,291,0.0082052350,19560496.0000000000,14
100,292,0.0081459530,19560496.0000000000,12
100,293,0.0081775170,19560496.0000000000,6
100,294,0.0081818770,19560496.0000000000,3
100,295,0.0081327240,19560496.0000000000,12
100,296,0.0081518930,19560496.0000000000,14
100,297,0.0071002410,17158704.0000000000,14
100,298,0.0071165880,17158704.0000000000,10
100,299,0.0071770450,17158704.0000000000,5
100,300,0.0081978380,19560496.0000000000,3
100,301,0.0081803250,19560496.0000000000,11
100,302,0.0081426930,19560496.0000000000,8
100,303,0.0081907330,19560496.0000000000,10
100,304,0.0081463280,19560496.0000000000,4
100,305,0.0081783700,19560496.0000000000,11
100,306,0.0081996220,19560496.0000000000,5
100,307,0.0082018770,19560496.0000000000,10
100,308,0.0082201900,19560496.0000000000,9
100,309,0.0081765580,19560496.0000000000,2
100,310,0.0081985280,19560496.0000000000,11
100,311,0.0082103020,19560496.0000000000,5
100,312,0.0070770630,17158704.0000000000,0
100,313,0.0071514960,17158704.0000000000,5
100,314,0.0069751130,17158704.0000000000,4
100,315,0.0081752150,19560496.0000000000,2
100,316,0.0081844740,19560496.0000000000,11
100,317,0.0081651250,19560496.0000000000,0
100,318,0.0081793230,19560496.0000000000,4
100,319,0.0081619790,19560496.0000000000,8
100,320,0.0081818870,19560496.0000000000,9
100,321,0.0081843520,19560496.0000000000,6
100,322,0.0081940710,19560496.0000000000,5
100,323,0.0081458680,19560496.0000000000,1
100,324,0.0081632410,19560496.0000000000,0
100,325,0.0081466640,19560496.0000000000,12
100,326,0.0081490560,19560496.0000000000,8
100,327,0.0070873370,17158704.0000000000,12
100,328,0.0071382180,17158704.0000000000,6
100,329,0.0071159680,17158704.0000000000,7
100,330,0.0081757240,19560496.0000000000,7
100,331,0.0081441640,19560496.0000000000,1
100,332,0.0081644640,19560496.0000000000,8
100,333,0.0081763800,19560496.0000000000,9
100,334,0.0081766910,19560496.0000000000,14
100,335,0.0081629120,19560496.0000000000,8
100,336,0.0081906040,19560496.0000000000,9
100,337,0.0081844820,19560496.0000000000,2
100,338,0.0081610310,19560496.0000000000,15
100,339,0.0081384880,19560496.0000000000,12
100,340,0.0081716670,19560496.0000000000,2
100,341,0.0082091810,19560496.0000000000,0
100,342,0.0071035480,17158704.0000000000,13
100,343,0.0070927630,17158704.0000000000,5
100,344,0.0071357100,17158704.0000000000,14
100,345,0.0081502280,19560496.0000000000,3
100,346,0.0081578930,19560496.0000000000,15
100,347,0.0082032580,19560496.0000000000,7
100,348,0.0081590750,19560496.0000000000,2
100,349,0.0081399270,19560496.0000000000,8
100,350,0.0081804250,19560496.0000000000,7
100,351,0.0081756700,19560496.0000000000,15
100,352,0.0081487740,19560496.0000000000,4
100,353,0.0081636710,19560496.0000000000,4
100,354,0.0081957350,19560496.0000000000,10
100,355,0.0081468630,19560496.0000000000,12
100,356,0.0081704790,19560496.0000000000,13
100,357,0.0070827140,17158704.0000000000,8
100,358,0.0070023780,17158704.0000000000,11
100,359,0.0070377110,17158704.0000000000,15
100,360,0.0081861490,19560496.0000000000,15
100,361,0.0081961560,19560496.0000000000,11
100,362,0.0081625150,19560496.0000000000,12
100,363,0.0081787720,19560496.0000000000,0
100,364,0.0081535630,19560496.0000000000,1
100,365,0.0081832090,19560496.0000000000,10
100,366,0.0081397290,19560496.0000000000,12
100,367,0.0081949220,19560496.0000000000,9
100,368,0.0081769370,19560496.0000000000,0
100,369,0.0081597150,19560496.0000000000,1
100,370,0.0082007260,19560496.0000000000,9
100,371,0.0081837500,19560496.0000000000,2
100,372,0.0070445390,17158704.0000000000,11
100,373,0.0071335120,17158704.0000000000,2
100,374,0.0071447250,17158704.0000000000,3
100,375,0.0081924280,19560496.0000000000,11
100,376,0.0081858570,19560496.0000000000,15
100,377,0.0081680510,19560496.0000000000,1
100,378,0.0081687310,19560496.0000000000,10
100,379,0.0081634150,19560496.0000000000,15
100,380,0.0081472280,19560496.0000000000,4
100,381,0.0082020460,19560496.0000000000,11
100,382,0.0081923060,19560496.0000000000,3
100,383,0.0081652960,19560496.0000000000,2
100,384,0.0081456120,19560496.0000000000,12
100,385,0.0081564280,19560496.0000000000,4
100,386,0.0081893320,19560496.0000000000,6
100,387,0.0071300840,17158704.0000000000,6
100,388,0.0070547410,17158704.0000000000,1
100,389,0.0071110190,17158704.0000000000,1
100,390,0.0082284380,19560496.0000000000,6
100,391,0.0081688320,19560496.0000000000,3
100,392,0.0082153140,19560496.0000000000,5
100,393,0.0081894820,19560496.0000000000,0
100,394,0.0081942850,19560496.0000000000,14
100,395,0.0081904240,19560496.0000000000,10
100,396,0.0081731520,19560496.0000000000,2
100,397,0.0081753690,19560496.0000000000,13
100,398,0.0081721700,19560496.0000000000,7
100,399,0.0081598950,19560496.0000000000,1
100,400,0.0081567630,19560496.0000000000,13
100,401,0.0082229410,19560496.0000000000,14
100,402,0.0070588190,17158704.0000000000,0
100,403,0.0069959050,17158704.0000000000,8
100,404,0.0069908300,17158704.0000000000,15
100,405,0.0081510480,19560496.0000000000,8
100,406,0.0081645390,19560496.0000000000,15
100,407,0.0081661420,19560496.0000000000,13
100,408,0.0081811640,19560496.0000000000,6
100,409,0.0081521100,19560496.0000000000,1
100,410,0.0081651350,19560496.0000000000,11
100,411,0.0082332280,19560496.0000000000,5
100,412,0.0081869480,19560496.0000000000,6
100,413,0.0081655050,19560496.0000000000,3
100,414,0.0081679510,19560496.0000000000,8
100,415,0.0081611420,19560496.0000000000,15
100,416,0.0081945930,19560496.0000000000,10
100,417,0.0071348750,17158704.0000000000,10
100,418,0.0070765200,17158704.0000000000,9
100,419,0.0071001260,17158704.0000000000,7
100,420,0.0061904510,14756912.0000000000,2
100,421,0.0061649880,14756912.0000000000,8
100,422,0.0061961800,14756912.0000000000,9
100,423,0.0062086550,14756912.0000000000,10
100,424,0.0062200670,14756912.0000000000,11
100,425,0.0061856770,14756912.0000000000,12
100,426,0.0061821110,14756912.0000000000,13
100,427,0.0061996380,14756912.0000000000,1
100,428,0.0061622430,14756912.0000000000,8
100,429,0.0061779320,14756912.0000000000,4
100,430,0.0061722970,14756912.0000000000,0
100,431,0.0061948610,14756912.0000000000,3
100,432,0.0056985550,12944944.0000000000,5
100,433,0.0057221530,12944944.0000000000,6
100,434,0.0056945570,12944944.0000000000,7
