step,step_time
1,2.081342846
2,1.425841604
3,1.424453882
4,1.525709903
5,1.468607553
6,1.426931519
7,1.61117021
8,1.48566761
9,1.671038126
10,1.624688552
11,1.639342911
12,1.516593332
13,1.659405424
14,1.47590254
15,2.261812798
16,1.893320609
17,1.817549489
18,2.042716633
19,2.039723216
20,1.546659181
21,1.865812671
22,2.117807321
23,1.841353971
24,1.915205525
25,1.503766026
26,1.494705058
27,1.494066439
28,1.55008094
29,1.503377513
30,1.49432453
31,1.493657335
32,1.549439876
33,1.502771797
34,1.493393815
35,1.493080827
36,1.548150354
37,1.501646475
38,1.492782107
39,1.492501543
40,1.547161415
41,1.500892752
42,1.491370309
43,1.491666804
44,1.547161927
45,1.500229245
46,1.490902601
47,1.490607349
48,1.546048276
49,1.500050007
50,2.146741325
51,2.075553848
52,1.546300946
53,1.500987366
54,1.490758502
55,1.490534147
56,1.546455736
57,1.500408734
58,1.490312095
59,1.490313498
60,1.546011063
61,1.499608862
62,1.489651954
63,1.49002054
64,1.545601639
65,1.499636065
66,1.489779602
67,1.489837395
68,1.545702294
69,1.499762881
70,1.489439863
71,1.490125053
72,1.545972118
73,1.499650572
74,1.49028911
75,1.490630834
76,1.545923303
77,1.499631696
78,1.490478719
79,1.490105224
80,1.545342747
81,1.499808809
82,1.489642527
83,1.489421166
84,1.545983781
85,1.499400797
86,1.48924725
87,1.489834218
88,1.546146948
89,1.498830311
90,1.489662295
91,1.488984831
92,1.545854799
93,1.499166102
94,1.489707692
95,1.489463808
96,4.464417215
97,4.506458096
98,4.378959243
99,4.384454254
100,17.40412039
101,1.00259795
102,1.162874333
103,0.792010361
104,0.81666866
105,1.441057999
106,1.142134015
107,0.790245548
108,0.816257852
109,0.784962378
110,0.78960267
111,0.791621777
112,1.133180746
113,0.78613338
114,0.79130838
115,0.791807808
116,0.815140855
117,0.785276206
118,1.112562525
119,0.791038056
120,0.814258373
121,0.787336614
122,0.792627308
123,0.790011493
124,0.814584346
125,0.785248743
126,0.789537825
127,0.789415096
128,0.81459651
129,0.787037955
130,0.790229457
131,0.789580467
132,0.814916551
133,0.789462949
134,0.79028284
135,0.789630785
136,0.815238665
137,0.785422311
138,0.789913613
139,0.79017954
140,0.815384809
141,0.785040619
142,0.789780175
143,0.78963856
144,0.814930217
145,0.784948351
146,0.789785064
147,0.789820753
148,0.814807238
149,0.786618441
150,1.090316999
151,0.997976825
152,0.814701062
153,0.784755367
154,0.7892265
155,0.789361001
156,0.814881522
157,0.784709187
158,0.789502776
159,0.789657798
160,0.81434915
161,0.78606602
162,0.789356614
163,0.789666664
164,0.814564869
165,0.785199709
166,0.789693477
167,0.789808549
168,0.815133792
169,0.785381561
170,0.790091078
171,0.78981407
172,0.81604009
173,0.785161954
174,0.789801787
175,0.790048586
176,0.816141276
177,0.785705069
178,0.789516753
179,0.789653479
180,0.815206143
181,0.785058706
182,0.789779593
183,0.789440106
184,0.814662508
185,0.785101838
186,0.789467017
187,0.789433111
188,0.81454519
189,0.785183707
190,0.789893155
191,0.789342284
192,0.81436502
193,0.785256158
194,0.789218956
195,0.789526522
196,1.308267992
197,1.498622105
198,1.499091838
199,1.499242299
200,14.79577378
201,1.000055967
202,0.78959833
203,0.789726308
204,0.814968399
205,0.785032854
206,0.78995888
207,0.790027323
208,0.814496143
209,0.785052451
210,0.789389605
211,0.790341132
212,0.814537042
213,0.785730858
214,0.789507584
215,0.789371841
216,0.81501481
217,0.784918251
218,0.790216198
219,0.789627978
220,0.814709858
221,0.785009989
222,0.790400267
223,0.789804611
224,0.814447359
225,0.784956675
226,0.789497205
227,0.7900979
228,0.814966886
229,0.785279692
230,0.790059456
231,0.789882722
232,0.814604143
233,0.784781505
234,0.789809771
235,0.789598541
236,0.815012726
237,0.784919644
238,0.789777268
239,0.7901649
240,0.814913743
241,0.784934182
242,0.789595384
243,0.789580495
244,0.814461947
245,0.785550006
246,0.790085325
247,0.78963928
248,0.814821935
249,0.784944302
250,1.089595566
251,0.998379925
252,0.815375198
253,0.785094773
254,0.789891168
255,0.789748703
256,0.814721209
257,0.785783159
258,0.790087159
259,0.789875318
260,0.814698857
261,0.785890377
262,1.149659533
263,0.789775594
264,0.815222603
265,0.784957678
266,0.790374968
267,0.789630803
268,0.815310022
269,0.785270555
270,0.78991203
271,0.789866921
272,0.814724917
273,0.785066128
274,0.789679136
275,0.789790954
276,0.814562291
277,0.784993907
278,0.789875128
279,0.789744885
280,0.81506149
281,0.785844157
282,0.789713554
283,0.790587068
284,0.814874257
285,0.784990592
286,0.790425275
287,0.789662055
288,0.814936857
289,0.78483588
290,0.789750284
291,0.790243722
292,0.814827384
293,0.785095644
294,0.789848465
295,0.789861109
296,1.30864378
297,1.499736655
298,1.499190013
299,1.498969686
300,13.63165907
301,1.004011887
302,0.790091446
303,0.789535467
304,0.815256276
305,0.784901467
306,0.789855879
307,0.790070275
308,0.815318447
309,0.785373493
310,0.790149339
311,0.790139299
312,0.814701671
313,0.785488356
314,0.790212291
315,0.790374264
316,0.815253641
317,0.785412939
318,0.79080975
319,0.790042852
320,0.815244213
321,0.785341321
322,0.790655239
323,0.790192532
324,0.815664919
325,0.785433709
326,0.789770243
327,0.790337212
328,0.815664429
329,0.785376469
330,0.790487344
331,0.789699646
332,0.815130212
333,0.785049725
334,0.790363113
335,0.790539265
336,0.815383332
337,0.786143426
338,0.790354546
339,0.790542811
340,0.815964451
341,0.786008435
342,0.790122025
343,0.789958969
344,0.815501472
345,0.785745946
346,0.790511441
347,0.790012683
348,0.815524155
349,0.786083961
350,1.089593276
351,1.000751051
352,0.816237219
353,0.785838746
354,0.790389524
355,0.790746908
356,0.815519537
357,0.785733832
358,0.78999573
359,0.790372902
360,0.815521541
361,0.785482975
362,0.790179857
363,0.7907374
364,0.816574784
365,0.785719384
366,0.79040757
367,0.790375247
368,0.816120452
369,0.786154298
370,0.7907687
371,0.790371009
372,0.816142696
373,0.786141403
374,0.790859947
375,0.790777738
376,0.816185699
377,0.786141473
378,0.791253851
379,0.790845238
380,0.815856661
381,0.78628422
382,0.79118666
383,0.790954882
384,0.816156824
385,0.78647958
386,0.790636363
387,0.790722721
388,0.816124862
389,0.786537912
390,0.790998345
391,0.791575686
392,0.816336182
393,0.786499096
394,0.791050787
395,0.792440503
396,1.310480182
397,1.50041988
398,1.500818002
399,1.502145678
400,14.56385027
401,1.002238015
402,0.791185449
403,0.791671411
404,0.816612948
405,0.786341511
406,0.791227049
407,0.791257769
408,0.816317836
409,0.787037722
410,0.791674166
411,0.792048944
412,0.817203775
413,0.786577599
414,0.791576407
415,0.791558102
416,0.817085906
417,0.786752528
418,0.791584833
419,0.791818807
420,0.817749203
421,0.787110453
422,0.791630412
423,0.791859926
424,0.816971584
425,0.786871629
426,0.791576527
427,0.791632746
428,0.817368315
429,0.787415034
430,0.791728532
431,0.792018614
432,0.817461925
433,0.787443278
434,0.79214018
435,0.792818086
436,0.817718112
437,0.787404764
438,0.792017101
439,0.792333836
440,0.817859356
441,0.787491682
442,0.792125201
443,0.792794489
444,0.818197332
445,0.787749713
446,0.793344307
447,0.793796273
448,0.81981499
449,0.789084202
450,1.094946512
451,1.004532517
452,0.819351691
453,0.788675499
454,0.793557881
455,0.794600674
456,0.818659179
457,0.788698463
458,0.793516912
459,0.793665089
460,0.81975308
461,0.788780022
462,0.793258049
463,0.793194867
464,0.818804641
465,0.789199125
466,0.79353161
467,0.793922378
468,0.818921086
469,0.788817535
470,0.793821422
471,0.794046939
472,0.818976895
473,0.789435574
474,0.793966774
475,0.793773298
476,0.818805442
477,0.789693183
478,0.793843705
479,0.794463277
480,0.819643758
481,0.789700157
482,0.794061629
483,0.793709966
484,0.819742069
485,0.790947437
486,0.794223622
487,0.794678125
488,0.819496252
489,0.789663054
490,0.794020127
491,0.794380376
492,0.819398703
493,0.78932566
494,0.794109922
495,0.794758951
496,1.316116797
497,1.507104248
498,1.507388971
499,1.507796961
500,14.86089096
501,1.008058357
502,0.794185298
503,0.794839958
504,0.819810161
505,0.790185829
506,0.794438961
507,0.794672594
508,0.819913963
509,0.790061789
510,0.794944111
511,0.794803347
512,0.819997975
513,0.790926766
514,0.795114642
515,0.795104211
516,0.820390237
517,0.79000036
518,0.795106105
519,0.795243201
520,0.820462738
521,0.789934542
522,0.795280733
523,0.795250275
524,0.820662925
525,0.790533262
526,0.795069564
527,0.796072499
528,0.820678506
529,0.79079999
530,0.795419533
531,0.795374105
532,0.82071147
533,0.790404383
534,0.795239754
535,0.796169317
536,0.820538424
537,0.791187482
538,0.795448679
539,0.795636062
540,0.820770594
541,0.79116562
542,0.795408291
543,0.79585126
544,0.820975552
545,0.790707982
546,0.795744127
547,0.79634834
548,0.821672147
549,0.791493522
550,1.09820582
551,1.008119177
552,0.821577213
553,0.792131811
554,0.796307651
555,0.797034511
556,0.821956349
557,0.791834042
558,0.796336407
559,0.796810146
560,0.821780267
561,0.791998391
562,0.796912384
563,0.796993912
564,0.822886483
565,0.791703239
566,0.796369592
567,0.796953874
568,0.82230262
569,0.792205002
570,0.796536796
571,0.796722065
572,0.822447642
573,0.79200272
574,0.797228678
575,0.797504112
576,0.822236672
577,1.126538584
578,0.796565953
579,0.797595559
580,0.822018379
581,0.792300758
582,0.797084268
583,0.796874951
584,0.82228199
585,0.792310406
586,0.797381775
587,0.797437744
588,0.822516285
589,0.792345555
590,0.796890001
591,0.797727425
592,0.823076372
593,0.792201735
594,0.797049651
595,0.797602754
596,1.319465825
597,1.511023678
598,1.510730048
599,1.5112253
600,14.12090973
601,1.009567586
602,0.797220743
603,0.797793824
604,0.822552816
605,0.792641679
606,0.797619746
607,0.797664063
608,0.822654844
609,0.792447543
610,0.797687728
611,0.797514332
612,0.822540001
613,0.792560341
614,0.79728125
615,0.79712715
616,0.822848509
617,0.792581343
618,0.797413496
619,0.797708208
620,0.82274056
621,0.792985136
622,0.797748907
623,0.797694371
624,0.822799274
625,0.793094487
626,0.797475347
627,0.798208438
628,0.823062925
629,0.793022649
630,0.797321036
631,0.797934607
632,0.823220611
633,0.793304406
634,0.797468313
635,0.798432423
636,0.823204179
637,0.793573307
638,0.797746152
639,0.797867076
640,0.82331302
641,0.793180204
642,0.798272181
643,0.798419939
644,0.822977138
645,0.79355985
646,0.798155626
647,0.798035984
648,0.823604375
649,0.793669573
650,1.099331263
651,1.009386234
652,0.823758174
653,0.793254839
654,0.797960037
655,0.798264608
656,0.823190532
657,0.793665045
658,0.798265379
659,0.799285268
660,0.825071591
661,0.794349242
662,0.79949755
663,0.799147751
664,0.823703317
665,0.793277633
666,0.798300027
667,0.798419938
668,0.82354992
669,0.79352367
670,0.79851286
671,0.798600079
672,0.823641618
673,0.793624626
674,0.798442392
675,0.798532778
676,0.823413245
677,0.79326076
678,0.798765469
679,0.798526116
680,0.824005323
681,0.793402436
682,0.798749298
683,0.798409569
684,0.823896572
685,0.793781631
686,0.798579299
687,0.798489675
688,0.823742092
689,0.793046274
690,0.798160796
691,0.797842348
692,0.823880591
693,0.793695444
694,0.798726713
695,0.797886575
696,1.31960278
697,1.512572472
698,1.513218777
699,1.51265369
700,13.89323507
701,1.01486886
702,0.79853873
703,0.798264106
704,0.824367987
705,0.793939117
706,0.7983997
707,0.798889469
708,0.823759436
709,0.79405441
710,0.798327209
711,0.798990546
712,0.823703868
713,0.79358526
714,0.79861634
715,0.798382076
716,0.823435288
717,0.793986409
718,0.798850896
719,0.799090219
720,0.823629003
721,0.794018821
722,0.798382477
723,1.160142635
724,0.823824432
725,0.793837329
726,0.798599437
727,0.798844773
728,0.82432834
729,0.794031856
730,0.79870379
731,0.798915831
732,0.823777461
733,0.793789837
734,0.798984503
735,0.798861896
736,0.824262703
737,0.794199211
738,0.798825505
739,0.798770579
740,0.82422479
741,0.793957232
742,0.798561463
743,0.798890442
744,0.8243492
745,0.793798835
746,0.798808382
747,0.799433064
748,0.824897894
749,0.794646418
750,1.100406309
751,1.01060585
752,0.823901332
753,0.7944672
754,0.798912715
755,0.799467311
756,0.823926982
757,0.794123233
758,0.798699411
759,0.799136339
760,0.824490214
761,0.793771381
762,0.79854935
763,0.799098986
764,0.825040341
765,0.794231083
766,0.798850425
767,0.799084388
768,0.824058917
769,0.794472441
770,0.799161067
771,0.800414117
772,0.824985265
773,0.794231644
774,0.798873308
775,0.799441601
776,0.824655205
777,0.794360193
778,0.798949165
779,0.799887296
780,0.824779164
781,0.794613324
782,0.799249308
783,0.799361325
784,0.823944034
785,0.794459826
786,0.799218077
787,0.799168241
788,0.824186745
789,0.7942299
790,0.799102704
791,0.799945268
792,0.82469436
793,0.794510585
794,0.798421663
795,0.799222516
796,1.32251538
797,1.514458711
798,1.514350843
799,1.513870791
800,25.01492397
801,1.012170582
802,0.800209979
803,0.799371402
804,0.824685428
805,0.795648631
806,0.799816636
807,0.799784824
808,0.824790673
809,0.794414967
810,0.799366532
811,0.799765546
812,0.824912981
813,0.794489191
814,0.79955057
815,0.79948354
816,0.824851691
817,0.794665935
818,0.799393224
819,0.800312949
820,0.824729825
821,0.79460731
822,0.799464713
823,0.799568604
824,0.825017623
825,0.794618422
826,0.799415768
827,0.799941909
828,0.824834097
829,0.794699038
830,0.799526323
831,0.799951468
832,0.825216139
833,0.79482857
834,0.799591879
835,0.799780135
836,0.825209446
837,0.794926389
838,0.799765967
839,0.800253543
840,0.825348535
841,0.794428313
842,0.799867605
843,0.800000442
844,0.825312565
845,0.794752372
846,0.79993753
847,0.800085698
848,0.825642916
849,0.794728676
850,1.10161767
851,1.011870158
852,0.825239043
853,0.795510913
854,0.79986016
855,0.80041699
856,0.82523262
857,0.795404046
858,0.799466817
859,0.800030631
860,0.824958288
861,0.795370642
862,0.800172496
863,0.800663168
864,0.825390055
865,0.79553497
866,0.799979671
867,0.800571611
868,0.825057641
869,0.795338038
870,0.800208617
871,0.800547955
872,0.825444742
873,0.794957659
874,0.799908223
875,0.800234757
876,0.826175118
877,1.143840428
878,0.799887945
879,0.800664811
880,0.825619351
881,0.795000343
882,0.800576179
883,0.800738424
884,0.825679808
885,0.795776629
886,0.800027825
887,0.800194017
888,0.826160269
889,0.795413255
890,0.800556121
891,0.800768973
892,0.826074875
893,0.796004531
894,0.800412201
895,0.800822296
896,1.323363466
897,1.514552153
898,1.515996294
899,1.515883706
900,13.94051471
901,1.015853556
902,0.801300965
903,0.801646586
904,0.826858434
905,0.796491124
906,0.801614273
907,0.801967819
908,0.826937107
909,0.796919315
910,0.801595406
911,0.802387353
912,0.827092698
913,0.796980524
914,0.801223215
915,0.801859229
916,0.827117607
917,0.796604063
918,0.801610676
919,0.801984571
920,0.827128468
921,0.796559447
922,0.802063655
923,0.802768513
924,0.826740916
925,0.796935326
926,0.801626426
927,0.801809211
928,0.827314219
929,0.797923894
930,0.801547964
931,0.802072522
932,0.827511361
933,0.796961477
934,0.802122839
935,0.802245397
936,0.8276139
937,0.797096229
938,0.801811175
939,0.802158639
940,0.827359847
941,0.797359008
942,0.802191112
943,0.802218545
944,0.827733692
945,0.797211572
946,0.801928333
947,0.802086168
948,0.827842212
949,0.797636065
950,1.105003449
951,1.014814951
952,0.827772858
953,0.797699659
954,0.801979021
955,0.802575207
956,0.827870197
957,0.797765988
958,0.802218896
959,0.803054837
960,0.828358173
961,0.797713386
962,0.802963139
963,0.802856914
964,0.827556068
965,0.797620054
966,0.802611779
967,0.802881661
968,0.828166692
969,0.797892914
970,0.802341353
971,0.80296371
972,0.828259622
973,0.797776037
974,0.802682847
975,0.803031262
976,0.828272006
977,0.79865365
978,0.802959933
979,0.802959052
980,0.828644279
981,1.159353933
982,0.803340051
983,0.803478018
984,0.829518695
985,0.798685382
986,0.80305594
987,0.803939534
988,0.82863465
989,0.798984242
990,0.803371733
991,0.803747883
992,0.828780583
993,0.798578634
994,0.803557723
995,0.803464602
996,1.324931999
997,1.51891155
998,1.519270365
999,1.520239065
1000,14.49122144
1001,1.016150723
1002,0.805190872
1003,0.804419845
1004,0.829791674
1005,0.800147167
1006,0.804552442
1007,0.804929315
1008,0.829677282
1009,0.799823509
1010,0.804665502
1011,0.804811796
1012,0.829780472
1013,0.800452058
1014,0.804372644
1015,0.804869879
1016,0.8300262
1017,0.799052804
1018,0.805261939
1019,0.805167125
1020,0.830343064
1021,0.800595697
1022,0.805100356
1023,0.805034007
1024,0.830355919
1025,0.800417571
1026,0.804950004
1027,0.805505842
1028,0.829641173
1029,0.800161535
1030,0.805389256
1031,0.805856733
1032,0.830826742
1033,0.800418624
1034,0.805212162
1035,0.805370008
1036,0.83116568
1037,0.800786647
1038,0.806013748
1039,0.805672094
1040,0.830782617
1041,0.801222924
1042,0.805405909
1043,0.806254204
1044,0.831584411
1045,0.801193888
1046,0.806095606
1047,0.805824531
1048,0.830967284
1049,0.800908093
1050,1.110110966
1051,1.020104863
1052,0.831199335
1053,0.801232873
1054,0.80639147
1055,0.806222101
1056,0.832320881
1057,0.802213385
1058,0.806403905
1059,0.806804733
1060,0.832082849
1061,0.80194795
1062,0.806864147
1063,0.8071883
1064,0.831915434
1065,0.801800904
1066,0.806224817
1067,0.808310081
1068,0.832479669
1069,0.802038565
1070,0.80708806
1071,0.806935284
1072,0.832513494
1073,0.802312356
1074,0.807298901
1075,0.807235447
1076,0.832708033
1077,0.802218294
1078,0.807531301
1079,0.807494078
1080,0.832377821
1081,0.802008677
1082,0.807869286
1083,0.807781465
1084,0.832666301
1085,0.802442939
1086,0.807481575
1087,0.807843145
1088,0.832935433
1089,0.802833057
1090,0.807647296
1091,0.807423862
1092,0.833392941
1093,0.803153598
1094,0.808249484
1095,0.808161383
1096,1.330155869
1097,1.526212979
1098,1.526643874
1099,1.526767875
1100,15.53481255
1101,1.025453086
1102,0.808122648
1103,0.807986574
1104,0.833284269
1105,0.803073392
1106,0.808488587
1107,0.808362954
1108,0.834255735
1109,0.803584954
1110,0.80823208
1111,0.808703855
1112,0.833875607
1113,0.804487365
1114,0.809900256
1115,0.809839218
1116,0.834685639
1117,0.804468319
1118,0.809073984
1119,0.809623218
1120,0.834204235
1121,0.803837746
1122,0.808728283
1123,0.809225247
1124,0.834368854
1125,0.804212031
1126,0.808729134
1127,0.812958799
1128,0.834542702
1129,0.804391289
1130,0.808550908
1131,0.808693335
1132,0.834003084
1133,0.803834088
1134,0.809403091
1135,0.809107769
1136,0.834766485
1137,0.803630854
1138,0.809200449
1139,0.809374476
1140,0.834071667
1141,0.803766137
1142,0.808426247
1143,0.80873157
1144,0.833793898
1145,0.803921478
1146,0.808876911
1147,0.808921718
1148,0.833949871
1149,0.804157255
1150,1.114481525
1151,1.025339615
1152,0.833960621
1153,0.804380749
1154,0.809387571
1155,0.809195088
1156,0.835214364
1157,0.803810923
1158,0.808515901
1159,0.808892231
1160,0.834099762
1161,0.803875549
1162,0.808554155
1163,0.808767089
1164,0.833721207
1165,0.804089644
1166,0.808807757
1167,0.808462367
1168,0.833661171
1169,0.80418028
1170,0.808847194
1171,0.808703645
1172,0.834328025
1173,0.804050157
1174,0.808501973
1175,0.809163687
1176,0.833419171
1177,0.803908663
1178,0.808426718
1179,0.808660201
1180,0.833912328
1181,0.803794562
1182,0.807868615
1183,0.808786175
1184,0.833838164
1185,0.803930335
1186,0.808253642
1187,0.808935365
1188,0.83365568
1189,0.803667946
1190,0.808446536
1191,0.808676091
1192,0.833837964
1193,0.804298299
1194,0.80863937
1195,0.808560447
1196,1.331554183
1197,1.528052717
1198,1.528396514
1199,1.528334494
1200,14.07270268
1201,1.025299357
1202,0.808287307
1203,0.808321954
1204,0.833874996
1205,0.803553955
1206,0.808536531
1207,0.808539737
1208,0.833705016
1209,0.803930255
1210,0.808533164
1211,0.808477346
1212,0.833823646
1213,0.803446787
1214,0.808537894
1215,0.808126376
1216,0.833684536
1217,0.80375728
1218,0.808438581
1219,0.808600164
1220,0.833800061
1221,0.803431227
1222,0.807851932
1223,0.8082993
1224,0.833218061
1225,0.803742761
1226,0.807885949
1227,0.808530719
1228,0.833200508
1229,0.803560949
1230,0.807999208
1231,0.808251177
1232,0.833560527
1233,0.803089033
1234,0.808014388
1235,0.808207272
1236,0.833113839
1237,0.803287798
1238,0.807812316
1239,0.808043986
1240,0.833074793
1241,0.802788089
1242,0.807588661
1243,0.807535429
1244,0.832785643
1245,0.802920527
1246,0.807637547
1247,0.807708063
1248,0.832777056
1249,0.803141365
1250,1.113503848
1251,1.023429119
1252,0.832896137
1253,0.803122006
1254,0.807714787
1255,0.807889576
1256,0.832699305
1257,0.803340962
1258,0.80817024
1259,0.808368235
1260,0.833220416
1261,0.803678717
1262,0.807950505
1263,0.808252028
1264,0.833167773
1265,0.803903373
1266,0.808627056
1267,0.808608551
1268,0.83397476
1269,0.804194407
1270,0.807964622
1271,0.808325711
1272,0.83366044
1273,0.80442253
1274,0.808565266
1275,0.808855409
1276,0.833741667
1277,0.804122739
1278,0.808554887
1279,0.808770203
1280,0.833986483
1281,0.804181061
1282,0.808696991
1283,0.809698124
1284,0.834382451
1285,0.804153828
1286,0.808490911
1287,0.808836132
1288,0.833776664
1289,0.803807036
1290,0.808936086
1291,0.808824539
1292,0.834063722
1293,0.804296626
1294,0.8088817
1295,0.808949281
1296,1.331576365
1297,1.528129205
1298,1.528395573
1299,1.52842529
1300,15.27854486
1301,1.025762967
1302,0.809096547
1303,0.809198755
1304,0.834447766
1305,0.804360319
1306,0.809285814
1307,0.809030128
1308,0.834380547
1309,0.804482336
1310,0.808787828
1311,0.808771366
1312,0.833897229
1313,0.804373174
1314,0.808850099
1315,0.808747961
1316,0.834606164
1317,0.804064545
1318,0.809176542
1319,0.808745546
1320,1.152684773
1321,0.803833348
1322,0.809290225
1323,0.809209027
1324,0.833718204
1325,0.804216832
1326,0.8091026
1327,0.80994759
1328,0.834658429
1329,0.8041693
1330,0.809033106
1331,0.808837255
1332,0.834701862
1333,0.804713476
1334,0.808933683
1335,0.808609434
1336,0.834524648
1337,0.804897974
1338,0.80949916
1339,0.808742232
1340,0.834131155
1341,0.80446776
1342,0.808832277
1343,0.80861215
1344,0.837141585
1345,0.803986666
1346,0.808807959
1347,0.809253925
1348,0.833985743
1349,0.803919967
1350,1.115074325
1351,1.02456507
1352,0.834365039
1353,0.804175061
1354,0.808894246
1355,0.808878746
1356,0.834168818
1357,0.80396306
1358,0.808776468
1359,0.808833148
1360,0.834202905
1361,0.803820884
1362,0.809176234
1363,0.808599144
1364,0.834012295
1365,0.804266659
1366,0.808499741
1367,0.809333398
1368,0.834084885
1369,0.804109735
1370,0.808989231
1371,0.809301367
1372,0.833668858
1373,0.804010092
1374,0.808333788
1375,0.808786217
1376,0.834140554
1377,0.803689248
1378,0.808738154
1379,0.808523497
1380,0.834022785
1381,0.80459714
1382,0.808986345
1383,0.808642539
1384,0.834072481
1385,0.803945155
1386,0.808700551
1387,0.808910829
1388,0.833981876
1389,0.80392676
1390,1.167665991
1391,0.808472068
1392,0.833517995
1393,0.804193176
1394,0.809240629
1395,0.808423253
1396,1.331202406
1397,1.525964287
1398,1.527399822
1399,1.526462494
1400,14.30380589
1401,1.028359372
1402,0.807783862
1403,0.807580027
1404,0.832725579
1405,0.802497487
1406,0.808343217
1407,0.808018448
1408,0.832854148
1409,0.8024988
1410,0.807958631
1411,0.807776198
1412,0.833013817
1413,0.8027828
1414,0.80746833
1415,0.807549978
1416,0.832728083
1417,0.802907953
1418,0.808018557
1419,0.807683087
1420,0.833409816
1421,0.80303491
1422,1.161647966
1423,0.80891676
1424,0.832912351
1425,0.802746871
1426,0.80716961
1427,0.807775286
1428,0.832405356
1429,0.802668519
1430,0.80782912
1431,0.807328459
1432,0.832966485
1433,0.802913925
1434,0.807527164
1435,0.808350762
1436,0.833407712
1437,0.802801808
1438,0.807608321
1439,0.808128731
1440,0.833341844
1441,0.802795716
1442,0.807614142
1443,0.808904537
1444,0.833258212
1445,0.802681503
1446,0.808104985
1447,0.808012617
1448,0.832413042
1449,0.802544228
1450,1.111714838
1451,1.022466609
1452,0.83248934
1453,0.802907393
1454,0.807366823
1455,0.807362224
1456,0.833137428
1457,0.802951257
1458,0.808579786
1459,0.807464653
1460,0.832741038
1461,0.802709568
1462,0.807438703
1463,0.807144411
1464,1.175385826
1465,0.803459844
1466,0.807043796
1467,0.807186493
1468,0.832492165
1469,0.802460554
1470,0.80719465
1471,0.807048686
1472,0.832739665
1473,0.802565819
1474,0.807222323
1475,0.807463531
1476,0.832399626
1477,0.80253488
1478,0.807141296
1479,0.807444674
1480,0.833036422
1481,0.802079717
1482,0.807128632
1483,0.807437811
1484,0.832349119
1485,0.802294313
1486,0.807027746
1487,0.807277711
1488,0.832237952
1489,0.802475053
1490,0.806718125
1491,0.807256008
1492,0.832330482
1493,0.801838338
1494,0.807503058
1495,0.807492377
1496,1.327222034
1497,1.524051366
1498,1.524341669
1499,1.524551015
1500,13.7295648
1501,1.023945088
1502,0.806490413
1503,0.807269064
1504,0.831712894
1505,0.801753483
1506,0.806387002
1507,0.806753764
1508,0.831276106
1509,0.801823809
1510,0.806337546
1511,0.806160082
1512,0.831450625
1513,0.801321906
1514,0.805940416
1515,0.806351704
1516,0.831343838
1517,0.80142211
1518,0.806351032
1519,0.805967548
1520,0.831341724
1521,0.800985604
1522,0.80571023
1523,0.806245427
1524,0.831771348
1525,0.800907713
1526,0.806335312
1527,0.806330203
1528,0.830990633
1529,0.801317819
1530,0.806198567
1531,0.8073085
1532,0.83142711
1533,0.801685802
1534,0.806934505
1535,0.806273702
1536,0.831659912
1537,0.801655985
1538,0.80640125
1539,0.807255577
1540,0.832208175
1541,0.801712784
1542,0.806577131
1543,0.807062674
1544,0.831938111
1545,0.802311275
1546,0.80660234
1547,0.807842607
1548,0.833028516
1549,0.803442441
1550,1.112763342
1551,1.022845745
1552,0.833162075
1553,0.803430999
1554,0.807789202
1555,0.808645594
1556,0.833196893
1557,0.803316546
1558,0.809042083
1559,0.808137959
1560,0.833166805
1561,0.803652778
1562,0.808501264
1563,0.807921659
1564,0.833701151
1565,0.803927952
1566,0.808055299
1567,0.808655683
1568,0.833370179
1569,0.804184059
1570,0.808830263
1571,0.808326255
1572,0.833698676
1573,0.803877284
1574,0.808682807
1575,0.808990063
1576,0.833782439
1577,0.804134983
1578,0.809520131
1579,0.809108231
1580,0.833602339
1581,0.80405077
1582,0.809463561
1583,0.80977246
1584,0.834351442
1585,0.804969031
1586,0.809188688
1587,0.80936494
1588,0.834372754
1589,0.804980314
1590,0.809201943
1591,0.809278291
1592,0.834755998
1593,0.805149542
1594,0.809236267
1595,0.809931776
1596,1.333325239
1597,1.529371386
1598,1.529097475
1599,1.529993052
1600,14.87814971
1601,1.02724052
1602,0.810570203
1603,0.810057098
1604,0.835167369
1605,0.806257047
1606,0.809931404
1607,0.810291342
1608,0.836582815
1609,0.807109239
1610,0.811684826
1611,0.811545506
1612,0.836886955
1613,0.807035206
1614,0.811594681
1615,0.812342932
1616,0.837656919
1617,0.807218041
1618,0.812234713
1619,0.812226868
1620,0.837160265
1621,0.80832603
1622,0.812356178
1623,0.812783858
1624,0.837688841
1625,0.808589632
1626,0.812542821
1627,0.812702761
1628,0.83783773
1629,0.80863522
1630,0.812750974
1631,0.811985218
1632,0.83818839
1633,0.809010868
1634,0.813088288
1635,0.813107937
1636,0.838189221
1637,0.808448158
1638,0.813059122
1639,0.812717128
1640,0.837983542
1641,0.808782766
1642,0.814225625
1643,0.813331109
1644,0.838208468
1645,0.809376989
1646,0.813376928
1647,0.813539383
1648,0.838384711
1649,0.809142845
1650,1.119703507
1651,1.029821677
1652,0.839099296
1653,0.809329898
1654,0.813169957
1655,0.813744492
1656,0.838712175
1657,0.809739232
1658,0.814535867
1659,0.814480839
1660,0.840037357
1661,0.810823876
1662,0.81469724
1663,0.814642923
1664,0.840072274
1665,0.810932637
1666,0.814767707
1667,0.815377459
1668,0.840042516
1669,0.81130034
1670,0.815553301
1671,0.815181629
1672,0.840157109
1673,0.811262116
1674,0.815292995
1675,0.815215234
1676,0.840505484
1677,0.810927546
1678,0.815211747
1679,0.815053762
1680,0.84091539
1681,0.811406155
1682,0.815368753
1683,0.815480159
1684,0.840468693
1685,0.811356007
1686,0.815620201
1687,0.815938949
1688,0.840669203
1689,0.811605702
1690,0.815958375
1691,0.815472865
1692,0.840876314
1693,0.811070163
1694,0.815911054
1695,0.815881597
1696,1.341390094
1697,1.541003621
1698,1.539987259
1699,1.540593726
1700,32.80176931
1701,1.03417464
1702,0.815505658
1703,0.816076706
1704,0.841221925
1705,0.811303065
1706,0.815968486
1707,0.815855316
1708,0.841212386
1709,0.812097717
1710,0.815810259
1711,0.815880245
1712,0.841193439
1713,0.812121373
1714,0.815589902
1715,0.816457073
1716,0.840968062
1717,0.812330959
1718,0.81607362
1719,0.816181759
1720,0.841118623
1721,0.812521479
1722,0.816115642
1723,0.816526728
1724,0.841706444
1725,0.812615281
1726,0.816607185
1727,0.81674899
1728,0.842900932
1729,0.813177421
1730,0.817711227
1731,0.81618238
1732,0.841940138
1733,0.813337111
1734,0.815874553
1735,0.815745683
1736,0.841102664
1737,0.812569542
1738,0.816277024
1739,0.816551236
1740,0.84118376
1741,0.812526028
1742,0.816492863
1743,0.816026248
1744,0.840772062
1745,0.811855377
1746,0.816040746
1747,0.816352852
1748,0.842411352
1749,0.813196869
1750,1.124252492
1751,1.034768543
1752,0.842411342
1753,0.812796653
1754,0.817012772
1755,0.817820077
1756,0.842347188
1757,0.812914241
1758,0.816627294
1759,0.817287004
1760,0.842215132
1761,0.813038132
1762,0.817056807
1763,0.817853883
1764,0.842102312
1765,0.813288929
1766,0.817581644
1767,0.817139647
1768,0.842726443
1769,0.813036048
1770,0.816973735
1771,0.816581034
1772,0.841877958
1773,0.812871698
1774,0.816569772
1775,0.816048942
1776,0.841307089
1777,0.812827432
1778,0.816486581
1779,0.816282044
1780,0.841104216
1781,0.811792425
1782,0.815332943
1783,0.815664175
1784,0.840820997
1785,0.811980419
1786,0.815062569
1787,0.815429991
1788,0.840106161
1789,0.811662813
1790,0.815015897
1791,0.815212589
1792,0.839957662
1793,0.810962826
1794,0.814618938
1795,0.814768137
1796,1.340999636
1797,1.539562455
1798,1.538761391
1799,1.539245741
1800,13.58059497
1801,1.035419636
1802,0.814879313
1803,0.814376758
1804,0.839735842
1805,0.810388793
1806,0.813631262
1807,0.81351733
1808,0.83885383
1809,0.809276423
1810,0.812956633
1811,0.813787866
1812,0.838603475
1813,0.809504346
1814,0.813074802
1815,0.813879222
1816,0.83892039
1817,0.809803617
1818,0.814077978
1819,0.813799507
1820,0.838811208
1821,0.810430612
1822,0.813317363
1823,0.81364067
1824,0.839092725
1825,0.810489621
1826,0.814032223
1827,0.815018156
1828,0.839364868
1829,0.81052016
1830,0.814151615
1831,0.814513857
1832,0.839492786
1833,0.810675942
1834,0.814838157
1835,0.814725307
1836,0.840068333
1837,0.810991295
1838,0.814739545
1839,0.815307398
1840,0.839764753
1841,0.811299943
1842,0.815007765
1843,0.815232743
1844,0.840334358
1845,0.811548866
1846,0.814941237
1847,0.815187023
1848,0.840662626
1849,0.811373255
1850,1.123249794
1851,1.032472791
1852,0.840844017
1853,0.811371762
1854,0.815366742
1855,0.815745448
1856,0.840603731
1857,0.811454122
1858,0.815345892
1859,0.815276417
1860,0.840443601
1861,0.811514338
1862,0.814901229
1863,0.815832635
1864,0.840334709
1865,0.8114841
1866,0.815360921
1867,0.815458641
1868,0.841055647
1869,0.811625675
1870,0.814935807
1871,0.815129262
1872,0.840295182
1873,0.811912261
1874,0.815413513
1875,0.815836133
1876,0.840585877
1877,0.811547112
1878,0.815243072
1879,0.815553354
1880,0.840642115
1881,0.811920016
1882,0.815392382
1883,0.815345592
1884,0.841456847
1885,0.811631296
1886,0.815174399
1887,0.815982217
1888,0.841548785
1889,0.811559806
1890,0.815204628
1891,0.815478679
1892,0.841706471
1893,0.812011193
1894,0.815697554
1895,0.815979822
1896,1.340959273
1897,1.540554711
1898,1.53892521
1899,1.540305247
1900,14.15033949
1901,1.033076261
1902,0.815841012
1903,0.815855681
1904,0.841020129
1905,0.811486204
1906,0.815922581
1907,0.815965754
1908,0.840763521
1909,0.81141197
1910,0.81564391
1911,0.815829521
1912,0.840621847
1913,0.811317247
1914,0.815197674
1915,0.815576609
1916,0.840400067
1917,0.81139676
1918,0.815507456
1919,0.815761598
1920,0.841697663
1921,0.81154077
1922,0.81569527
1923,0.81597913
1924,0.840580577
1925,0.81186019
1926,0.815336524
1927,0.815535649
1928,0.840540539
1929,0.811237912
1930,0.815072091
1931,0.815326704
1932,0.840446095
1933,0.811284874
1934,0.815265617
1935,0.816222592
1936,0.840866321
1937,0.811209628
1938,0.815255086
1939,0.815853557
1940,0.84063394
1941,0.811951547
1942,0.815890889
1943,0.815289773
1944,0.840935585
1945,0.812040901
1946,0.815207162
1947,0.815320874
1948,0.841441125
1949,0.811551441
1950,1.121625173
1951,1.032394678
1952,0.840281948
1953,0.811198536
1954,0.814944253
1955,0.815438812
1956,0.840450083
1957,0.812139963
1958,0.81584016
1959,0.815843777
1960,0.841135282
1961,0.812390108
1962,0.816277449
1963,0.816435756
1964,0.841264944
1965,0.812799712
1966,0.816393986
1967,0.816424033
1968,0.842160672
1969,0.813081218
1970,0.816373556
1971,0.817341413
1972,0.842250095
1973,0.814144732
1974,0.817129753
1975,0.817353537
1976,0.842209186
1977,0.814507276
1978,0.817800413
1979,0.817684057
1980,0.842532804
1981,0.814364157
1982,0.81748416
1983,0.818033415
1984,0.842808579
1985,0.814795013
1986,0.817609593
1987,0.817739055
1988,0.842961996
1989,0.81477291
1990,0.817848457
1991,0.818024419
1992,0.843026781
1993,0.815218755
1994,0.817765316
1995,0.818181302
1996,1.347201382
1997,1.540143102
1998,1.543357168
1999,1.541535323
2000,13.63306137
2001,1.036225931
2002,0.81798942
2003,0.818055058
2004,0.842684538
2005,0.81513865
2006,0.818259183
2007,0.817873075
2008,0.843513015
2009,0.815952238
2010,0.817948281
2011,0.818478288
2012,0.843242159
2013,0.815745417
2014,0.818724626
2015,0.818067783
2016,0.843437458
2017,0.815171935
2018,0.81810793
2019,0.818023666
2020,0.842785294
2021,0.815060579
2022,0.819043415
2023,0.81884989
2024,0.843130643
2025,0.81494308
2026,0.817634651
2027,0.817622017
2028,0.843240977
2029,0.815658108
2030,0.817722983
2031,0.818286497
2032,0.843039437
2033,0.814771728
2034,0.817831584
2035,0.817838317
2036,0.84289183
2037,0.814701251
2038,0.817647417
2039,0.817331384
2040,0.842921247
2041,0.814387843
2042,0.816831353
2043,0.816968209
2044,0.842320773
2045,0.814099434
2046,0.815654401
2047,0.815928782
2048,0.841363565
2049,0.813464893
2050,1.122177434
2051,1.031715792
2052,0.841823318
2053,0.814337376
2054,0.815948771
2055,0.815599754
2056,0.840832405
2057,0.813558474
2058,0.815540389
2059,0.815987497
2060,0.840671944
2061,0.813541883
2062,0.815629322
2063,0.815656174
2064,0.840875819
2065,0.813257591
2066,0.815232412
2067,0.815880198
2068,0.840574475
2069,0.812725128
2070,0.815125875
2071,0.815413442
2072,0.840326954
2073,0.813192514
2074,0.814804
2075,0.815127578
2076,0.840049317
2077,0.81338581
2078,0.814452108
2079,0.814672165
2080,0.83963412
2081,0.812518878
2082,0.814456446
2083,0.815213786
2084,0.839114151
2085,0.812842887
2086,0.813905196
2087,0.813783851
2088,0.839227541
2089,0.811718014
2090,0.813929314
2091,0.813910748
2092,0.839478659
2093,0.812501985
2094,0.814290074
2095,0.814976976
2096,1.345658259
2097,1.538127596
2098,1.539504001
2099,1.540380312
2100,14.64071135
2101,1.031786238
2102,0.814626859
2103,0.815892684
2104,0.840078434
2105,0.813613502
2106,0.815355222
2107,0.81557606
2108,0.840784184
2109,0.813121507
2110,0.81489587
2111,0.815480374
2112,0.840495063
2113,0.812929135
2114,0.815723545
2115,0.816564979
2116,0.841953652
2117,0.8149992
2118,0.817630114
2119,0.81778256
2120,0.842084245
2121,0.814638331
2122,0.816802338
2123,0.816833269
2124,0.842304743
2125,0.815903686
2126,0.817621238
2127,0.817537425
2128,0.843387434
2129,0.816473411
2130,0.818881543
2131,0.817687716
2132,0.843171205
2133,0.816373376
2134,0.818263523
2135,0.818234607
2136,0.844041603
2137,0.816350071
2138,0.818353718
2139,0.818666525
2140,0.843152869
2141,0.816836304
2142,0.819225279
2143,0.819201934
2144,0.844218196
2145,0.817318249
2146,0.818586801
2147,0.819234125
2148,0.845076691
2149,0.818961317
2150,1.12621032
2151,1.036499422
2152,0.845380981
2153,0.818417031
2154,0.819775297
2155,0.820332657
2156,0.845422883
2157,0.818768432
2158,0.82064874
2159,0.820423905
2160,0.8460453
2161,0.819417984
2162,0.821105137
2163,0.821299694
2164,0.846169821
2165,0.820546352
2166,0.821294333
2167,0.821439986
2168,0.846385139
2169,0.82034945
2170,0.821211312
2171,0.821248143
2172,0.846394217
2173,0.820649382
2174,0.821459593
2175,0.821470485
2176,0.846728946
2177,0.820481546
2178,0.822352266
2179,0.822621988
2180,0.847610656
2181,0.821014721
2182,0.82229795
2183,0.822164732
2184,0.847724678
2185,0.82120521
2186,0.82275638
2187,0.822700682
2188,0.847868597
2189,0.822157057
2190,0.823356473
2191,0.823014781
2192,0.847773983
2193,0.82226122
2194,0.822985674
2195,0.823053585
2196,1.3584621
2197,1.554025894
2198,1.553169403
2199,1.555672058
2200,15.21314934
2201,1.042473311
2202,0.824435097
2203,0.823959794
2204,0.848773864
2205,0.821971697
2206,0.823636427
2207,0.823507778
2208,0.849395059
2209,0.822673419
2210,0.824248914
2211,0.824570248
2212,0.849190923
2213,0.823649883
2214,0.824289744
2215,0.824627338
2216,0.849960575
2217,0.823912522
2218,0.824969393
2219,0.824909877
2220,0.84982898
2221,0.824393034
2222,0.825126838
2223,0.825556822
2224,0.850310324
2225,0.823907473
2226,0.825920046
2227,0.825655023
2228,0.850133381
2229,0.823816195
2230,0.824915578
2231,0.825345542
2232,0.850767169
2233,0.824214578
2234,0.825170904
2235,0.825651616
2236,0.850359319
2237,0.824682265
2238,0.825837407
2239,0.825161495
2240,0.850768122
2241,0.824380561
2242,0.825428693
2243,0.825109815
2244,0.850926931
2245,0.82469456
2246,0.825733344
2247,0.825896221
2248,0.851055019
2249,0.824368467
2250,1.135337598
2251,1.044522065
2252,0.850850361
2253,0.825015943
2254,0.825684109
2255,0.825602421
2256,0.850750478
2257,0.824378106
2258,0.825976086
2259,0.825612129
2260,0.851804203
2261,0.824935507
2262,0.825775898
2263,0.825470425
2264,0.851370622
2265,0.825237963
2266,0.825602982
2267,0.826007326
2268,0.851845402
2269,0.826521283
2270,0.830337406
2271,0.826347447
2272,0.851637058
2273,0.82671559
2274,0.826708596
2275,0.827181153
2276,0.851897683
2277,0.825930988
2278,0.826533477
2279,0.826754196
2280,0.852094686
2281,0.825232142
2282,0.827026082
2283,0.826376503
2284,0.851565529
2285,0.825943312
2286,0.826188968
2287,0.826213496
2288,0.851218175
2289,0.825692035
2290,0.826440476
2291,0.826347155
2292,0.852064607
2293,0.826495203
2294,0.826270727
2295,0.826338919
2296,1.363406331
2297,1.560736052
2298,1.560161508
2299,1.560298684
2300,14.56070181
2301,1.045046032
2302,1.169168881
2303,0.826989672
2304,0.851423624
2305,0.825682285
2306,0.826890791
2307,0.826673549
2308,0.851845593
2309,0.825933824
2310,0.82723579
2311,0.82658625
2312,0.852047905
2313,0.826261059
2314,0.826382383
2315,0.826486185
2316,0.851568474
2317,0.824989142
2318,0.825715941
2319,0.826186303
2320,0.850989682
2321,0.825493901
2322,0.826164582
2323,0.825776037
2324,0.851005984
2325,0.824934184
2326,0.825445908
2327,0.825982949
2328,0.850360021
2329,0.824842215
2330,0.825357697
2331,0.825886752
2332,0.850717223
2333,0.824669171
2334,0.825691674
2335,0.825121679
2336,0.850899568
2337,0.824954785
2338,0.825171604
2339,0.825397765
2340,0.850421941
2341,0.82455602
2342,0.824872665
2343,0.825078665
2344,0.850069467
2345,0.824431379
2346,0.824735469
2347,0.82500401
2348,0.849451628
2349,0.824289253
2350,1.133198608
2351,1.043035895
2352,0.84923278
2353,0.823334895
2354,0.824661299
2355,0.824376526
2356,0.849255093
2357,0.823405642
2358,0.823591512
2359,0.824093476
2360,0.848997242
2361,0.824201416
2362,0.823802603
2363,0.82330601
2364,0.847995639
2365,0.822898739
2366,0.822771202
2367,0.823095301
2368,0.848835669
2369,0.822650848
2370,0.822940961
2371,0.822602364
2372,0.848622645
2373,0.822535535
2374,0.822809295
2375,0.8230436
2376,0.847744583
2377,0.821386897
2378,0.822692319
2379,0.822375414
2380,0.84816576
2381,0.822252565
2382,0.822852369
2383,0.822916514
2384,0.847981322
2385,0.822261452
2386,0.823059712
2387,0.823017359
2388,0.848349456
2389,0.82333792
2390,0.82360535
2391,0.823043079
2392,0.848600012
2393,0.822515605
2394,0.823763897
2395,0.823410192
2396,1.360129797
2397,1.556663731
2398,1.557445437
2399,1.557750639
2400,14.64179065
2401,1.0434253
2402,0.823155227
2403,0.82313135
2404,0.848313737
2405,0.822782764
2406,0.823278095
2407,0.824116411
2408,0.848289349
2409,0.822423888
2410,0.8231726
2411,0.823638805
2412,0.849937857
2413,0.822697639
2414,0.823786772
2415,0.82323432
2416,0.849276975
2417,0.822768897
2418,0.823813464
2419,0.824663403
2420,0.849185487
2421,0.822448075
2422,0.824703621
2423,0.82302846
2424,0.849192672
2425,0.822834484
2426,0.823791411
2427,0.823427975
2428,0.850311814
2429,0.822828252
2430,0.824226945
2431,0.82394579
2432,0.849102838
2433,0.823654065
2434,0.824362028
2435,0.823583036
2436,0.849751887
2437,0.823726625
2438,0.824113185
2439,0.823949006
2440,0.849425053
2441,0.823900622
2442,0.824673452
2443,0.82455887
2444,0.850138056
2445,0.823835547
2446,0.824367799
2447,0.828196898
2448,0.850174326
2449,0.824060463
2450,1.133801449
2451,1.042867027
2452,0.849900836
2453,0.823333062
2454,0.82447107
2455,0.824499605
2456,0.849629408
2457,0.823353601
2458,0.824308263
2459,0.824478774
2460,0.850497833
2461,0.823781732
2462,0.824746784
2463,0.825325096
2464,0.849679807
2465,0.824080452
2466,0.82484249
2467,0.82501245
2468,0.85017602
2469,0.824042447
2470,0.824893189
2471,0.82503288
2472,0.850251316
2473,0.824223149
2474,0.824829886
2475,0.824882217
2476,0.850213542
2477,0.824390363
2478,0.825176959
2479,0.825069741
2480,0.850167503
2481,0.82493548
2482,0.825737437
2483,0.825572376
2484,0.850834166
2485,0.824160427
2486,0.825102365
2487,0.825186928
2488,0.850749552
2489,0.8248118
2490,0.825991349
2491,0.825527088
2492,0.850282837
2493,0.824066254
2494,0.824996078
2495,1.189999839
2496,1.363773906
2497,1.559537195
2498,1.56010144
2499,1.561079267
2500,14.78508666
2501,1.046152362
2502,0.825700855
2503,0.826338001
2504,0.850911496
2505,0.824995437
2506,0.825519393
2507,0.825968966
2508,0.851170249
2509,0.825010797
2510,0.825721496
2511,0.825702598
2512,0.851187151
2513,0.824663423
2514,0.825817481
2515,0.825947585
2516,0.850979317
2517,0.825197059
2518,0.826307312
2519,0.82624431
2520,0.851393903
2521,0.825535785
2522,0.82558983
2523,0.826164044
2524,0.851067017
2525,0.824699894
2526,0.825978103
2527,0.82622893
2528,0.851835299
2529,0.824682008
2530,0.825951632
2531,0.825775651
2532,0.851745474
2533,0.824895694
2534,0.826618535
2535,0.826895453
2536,0.851214043
2537,0.825056465
2538,0.825773446
2539,0.825955289
2540,0.851337293
2541,0.824468104
2542,0.825792984
2543,0.827046517
2544,0.851734643
2545,0.825044522
2546,0.826152912
2547,0.826309186
2548,0.851628236
2549,0.82500721
2550,1.136144024
2551,1.046211997
2552,0.851220666
2553,0.824256834
2554,0.825300178
2555,0.825514815
2556,0.851161401
2557,0.824346668
2558,0.826174545
2559,0.826220814
2560,0.851038964
2561,0.823860856
2562,0.825692268
2563,0.82637822
2564,0.851124369
2565,0.82470808
2566,0.826135599
2567,0.826344844
2568,0.852178414
2569,0.824563218
2570,0.82678548
2571,0.826391004
2572,0.85192899
2573,0.82521347
2574,0.826475809
2575,0.826787012
2576,0.852008174
2577,0.825428006
2578,0.827342932
2579,0.82693992
2580,0.852499778
2581,0.825656349
2582,0.827877508
2583,0.827184143
2584,0.852549374
2585,0.825577676
2586,0.827428016
2587,0.827575242
2588,0.854564874
2589,0.826795388
2590,0.828609619
2591,0.829395263
2592,0.854566216
2593,0.827059622
2594,0.828569862
2595,0.828619939
2596,1.369987942
2597,1.567306729
2598,1.569148182
2599,1.569811799
2600,16.10418948
2601,1.005796046
2602,0.793460284
2603,0.793627457
2604,0.817599505
2605,0.787059436
2606,1.154592729
2607,1.153540318
2608,0.818008097
2609,0.787770775
2610,0.793068603
2611,0.793956896
2612,0.817713406
2613,0.78731438
2614,0.792946036
2615,0.793191682
2616,0.818152197
2617,0.78729855
2618,0.793186662
2619,0.792867614
2620,0.818697194
2621,0.787559796
2622,1.153633879
2623,0.793213584
2624,0.817948902
2625,0.786812005
2626,0.793047844
2627,0.793669669
2628,0.81818457
2629,0.78772661
2630,0.792716661
2631,0.793440275
2632,0.818009821
2633,0.787528204
2634,1.155249633
2635,0.793291485
2636,0.817378997
2637,0.787018095
2638,0.792984862
2639,0.792646164
2640,0.818336084
2641,0.78675226
2642,0.793444502
2643,0.793341083
2644,0.818373136
2645,0.786693436
2646,0.792312526
2647,0.792625464
2648,0.818206092
2649,0.787325091
2650,1.092258938
2651,1.001894486
2652,0.818024209
2653,0.787659549
2654,0.792918553
2655,0.792832656
2656,0.817655563
2657,0.786739925
2658,0.793219176
2659,0.792791416
2660,0.818187386
2661,0.786487515
2662,0.793166995
2663,0.792756258
2664,0.818645203
2665,0.786761247
2666,0.792226419
2667,0.79299975
2668,0.817738124
2669,0.787232621
2670,0.792488248
2671,0.793495733
2672,0.817805735
2673,0.787364617
2674,0.793358877
2675,0.793609482
2676,0.818001084
2677,0.787139902
2678,0.796876411
2679,0.795402862
2680,0.836020472
2681,0.793796105
2682,0.836243374
2683,0.795353476
2684,0.817835613
2685,0.787305142
2686,0.792834559
2687,0.792558635
2688,0.817943021
2689,0.787249825
2690,0.79238121
2691,0.813622479
2692,0.837147799
2693,0.853414978
2694,0.810531152
2695,0.793071199
2696,1.324139529
2697,1.505964097
2698,1.504733199
2699,1.504704864
2700,15.57405763
2701,1.004201382
2702,0.793200279
2703,0.792917351
2704,0.818326044
2705,0.786684849
2706,0.792479911
2707,0.793160903
2708,0.817548876
2709,0.786983418
2710,0.793053785
2711,0.793105294
2712,0.81796827
2713,0.787119002
2714,0.793099082
2715,0.792708735
2716,0.818016574
2717,0.787109933
2718,0.793195489
2719,0.793408093
2720,0.818405198
2721,0.787026892
2722,0.793002626
2723,0.792735127
2724,0.818429385
2725,0.787519499
2726,0.79334536
2727,0.793504228
2728,0.818535952
2729,0.787892902
2730,0.792700249
2731,0.792892001
2732,0.818301516
2733,0.788141164
2734,0.793027174
2735,0.792892572
2736,0.818129019
2737,0.787407616
2738,0.792534583
2739,0.792514173
2740,0.817930935
2741,0.787384631
2742,0.792908709
2743,0.79288363
2744,0.817651623
2745,0.787618496
2746,0.792535975
2747,0.793430591
2748,0.8179649
2749,0.787573438
2750,1.092558231
2751,1.001948909
2752,0.818085475
2753,0.78683736
2754,0.793961381
2755,0.793468736
2756,0.817968657
2757,0.788390844
2758,0.792598056
2759,0.792580773
2760,0.818289038
2761,0.787477873
2762,0.792261703
2763,0.793499234
2764,0.818119
2765,0.787361126
2766,0.792710875
2767,0.793123986
2768,1.153419749
2769,0.787436222
2770,0.793018662
2771,0.793273877
2772,0.817540086
2773,0.787764909
2774,0.792675606
2775,0.792804116
2776,0.818275363
2777,0.787788455
2778,0.793628765
2779,0.793232427
2780,0.818026791
2781,0.787783214
2782,0.792608496
2783,0.793472874
2784,0.817969899
2785,0.787606451
2786,0.792913178
2787,0.792983624
2788,0.818030668
2789,0.787997701
2790,0.792745733
2791,0.793186107
2792,0.818499286
2793,0.787557186
2794,0.793520826
2795,0.793467513
2796,1.313652548
2797,1.504990114
2798,1.505293332
2799,1.50518976
2800,15.43062704
2801,1.004924402
2802,0.793464406
2803,0.792821399
2804,0.817885196
2805,0.787460628
2806,0.792965909
2807,0.792481519
2808,0.818056809
2809,0.788036937
2810,0.793693611
2811,0.793353852
2812,0.818141353
2813,0.787902306
2814,0.792733469
2815,0.792588999
2816,0.818110523
2817,0.788381034
2818,0.792990597
2819,0.793081023
2820,0.818631354
2821,0.788594368
2822,0.794005397
2823,0.792833453
2824,0.818439481
2825,0.789112072
2826,0.792625579
2827,0.793125058
2828,0.818417529
2829,0.788340556
2830,0.793204854
2831,0.792711045
2832,0.818023184
2833,0.788457913
2834,0.793389261
2835,0.792810939
2836,0.818086025
2837,0.788886675
2838,0.793448375
2839,0.79300747
2840,0.818669276
2841,0.788311149
2842,0.792622663
2843,0.793045794
2844,0.818236687
2845,0.789296681
2846,0.79361075
2847,0.793355816
2848,0.818566187
2849,0.7883478
2850,1.092770874
2851,1.00216037
2852,0.818296855
2853,0.789009072
2854,0.792526337
2855,0.792752195
2856,0.817795331
2857,0.788153452
2858,0.792881917
2859,0.792757936
2860,0.818308327
2861,0.788615489
2862,0.792634988
2863,0.793237867
2864,0.818502343
2865,0.788547908
2866,0.79257976
2867,0.792991119
2868,0.818213432
2869,0.78868326
2870,0.792910732
2871,0.793425301
2872,0.81849594
2873,0.788578057
2874,0.79319435
2875,0.792661493
2876,0.81777718
2877,0.789028516
2878,0.792781827
2879,0.792691332
2880,0.817245028
2881,0.788215378
2882,0.79289608
2883,0.79296879
2884,0.818150794
2885,0.787714216
2886,0.792952268
2887,0.792849108
2888,0.818589416
2889,0.788994821
2890,0.792964552
2891,0.792561821
2892,0.818069988
2893,0.788741409
2894,0.792494831
2895,0.792940825
2896,1.314133677
2897,1.504874864
2898,1.504696608
2899,1.505263238
2900,15.19488429
2901,1.004802318
2902,0.79271603
2903,0.793486124
2904,0.818052533
2905,0.788223935
2906,0.793263853
2907,0.793169921
2908,0.818137128
2909,0.787452679
2910,0.793093071
2911,0.79254078
2912,0.817914065
2913,0.791676363
2914,0.792764043
2915,0.793524248
2916,0.817676866
2917,0.791708084
2918,0.793146235
2919,0.792346012
2920,0.817974151
2921,0.792894807
2922,0.793106066
2923,0.792730899
2924,0.818128191
2925,0.791606627
2926,0.792964542
2927,0.79240651
2928,0.818668179
2929,0.791416088
2930,0.792424824
2931,0.793574916
2932,0.818297008
2933,0.792954593
2934,0.792452779
2935,0.793137577
2936,0.818455686
2937,0.792045008
2938,0.794816214
2939,0.792318849
2940,0.818429244
2941,0.792315943
2942,0.793037273
2943,0.79251483
2944,0.815097732
2945,0.792584024
2946,0.792690431
2947,0.79235488
2948,0.818074947
2949,0.792017364
2950,1.092078107
2951,1.001388465
2952,0.818044308
2953,0.79141709
2954,0.792965454
2955,0.793157636
2956,0.818032374
2957,0.79215419
2958,0.792346583
2959,0.792667726
2960,0.817857776
2961,0.792339348
2962,0.79219066
2963,0.793701441
2964,0.817412974
2965,0.793197985
2966,0.793039988
2967,0.792467508
2968,0.817886001
2969,0.793069255
2970,0.793246239
2971,0.792934073
2972,0.81837523
2973,0.792478128
2974,0.792820963
2975,0.792618811
2976,0.818048887
2977,0.79237593
2978,0.792743743
2979,0.793029569
2980,0.817771699
2981,0.79243225
2982,0.792946677
2983,0.792625924
2984,0.81850922
2985,0.79248417
2986,0.789715679
2987,0.792828958
2988,0.817961187
2989,0.792070768
2990,0.793436377
2991,0.792831084
2992,0.818116177
2993,0.792438712
2994,0.7932933
2995,0.793062401
2996,1.32189823
2997,1.507858923
2998,1.507744652
2999,1.507791252
3000,13.67655237
3001,1.004707904
3002,0.793030383
3003,0.79289503
3004,0.81817739
3005,0.792820576
3006,0.792664693
3007,0.792877947
3008,0.818461832
3009,0.792917735
3010,0.79294637
3011,0.792867678
3012,0.818144276
3013,0.792447182
3014,0.793475256
3015,0.792260719
3016,0.817748739
3017,0.792780428
3018,0.793183259
3019,0.793241833
3020,0.818279458
3021,0.792618454
3022,0.79334349
3023,0.792273564
3024,0.818108877
3025,0.792172618
3026,0.792477591
3027,0.792640266
3028,0.81749191
3029,0.792435469
3030,0.793054219
3031,0.792957251
3032,0.818198621
3033,0.792729519
3034,0.792579379
3035,0.7928638
3036,0.818616762
3037,0.792576792
3038,0.792713748
3039,0.79264277
3040,0.818622454
3041,0.793170935
3042,0.792522568
3043,0.792739599
3044,0.817743568
3045,0.793129826
3046,0.792613975
3047,0.792962772
3048,0.817860756
3049,0.792556413
3050,1.093441856
3051,1.002488378
3052,0.819250141
3053,0.793318722
3054,0.793692688
3055,0.79351837
3056,0.819060093
3057,0.793781159
3058,0.7947867
3059,0.794155376
3060,1.190073118
3061,0.792654483
3062,0.792929838
3063,0.792910229
3064,0.818243429
3065,0.793007869
3066,0.792398137
3067,0.793384069
3068,0.817705655
3069,0.792731132
3070,0.792785167
3071,0.792825535
3072,0.818230934
3073,0.792853319
3074,0.793249248
3075,0.792795296
3076,0.817668522
3077,0.792677038
3078,0.793179022
3079,0.792867778
3080,0.817937986
3081,0.792646177
3082,0.793604737
3083,0.792120709
3084,0.818215985
3085,0.792868249
3086,0.792986457
3087,0.792277442
3088,0.817333833
3089,0.793531866
3090,0.792784214
3091,0.792867817
3092,0.818059
3093,0.793005966
3094,0.793084167
3095,0.793371515
3096,1.32264615
3097,1.507673308
3098,1.507004189
3099,1.50847854
3100,14.6845882
3101,1.003249765
3102,0.79247744
3103,0.793030423
3104,0.817915042
3105,0.792683189
3106,0.792247955
3107,0.792264447
3108,0.817750482
3109,0.793017017
3110,0.792867066
3111,0.793092333
3112,0.818678192
3113,0.793423274
3114,0.792465126
3115,0.794914217
3116,0.817504114
3117,0.793949196
3118,0.792290729
3119,0.792352368
3120,0.819207489
3121,0.793477841
3122,0.793372166
3123,0.793057586
3124,0.818678282
3125,0.79283819
3126,0.793052115
3127,0.792926412
3128,0.81816156
3129,0.792061934
3130,0.793557406
3131,0.792916763
3132,0.817886677
3133,0.793338381
3134,0.79489266
3135,0.792792265
3136,0.818068503
3137,0.792528655
3138,0.793564453
3139,0.793405645
3140,0.817231429
3141,0.793885727
3142,0.793297756
3143,0.792885567
3144,0.817821243
3145,0.793180018
3146,0.792458668
3147,0.792778969
3148,0.818057191
3149,0.793421706
3150,1.091671275
3151,1.001714454
3152,0.817196321
3153,0.793073831
3154,0.79294458
3155,0.792492745
3156,0.81794833
3157,0.792831181
3158,0.79316521
3159,0.792445853
3160,0.818261727
3161,0.793527422
3162,0.792553182
3163,0.79263475
3164,0.818141694
3165,0.793466914
3166,0.79289284
3167,0.792732719
3168,0.817837073
3169,0.794036469
3170,0.792586976
3171,0.792635992
3172,0.818249844
3173,0.793386157
3174,0.792311162
3175,0.792972555
3176,0.818161994
3177,0.79233079
3178,0.793245926
3179,0.792839427
3180,0.817712713
3181,0.792965341
3182,0.792477996
3183,0.792586817
3184,0.818304
3185,0.793130041
3186,0.792408421
3187,0.792887501
3188,0.817805712
3189,0.794305211
3190,0.792856971
3191,0.79312989
3192,0.82113921
3193,0.794235836
3194,0.793027962
3195,0.79267584
3196,1.32357035
3197,1.508877065
3198,1.508697085
3199,1.508360773
3200,14.95125772
3201,1.003277236
3202,0.792486232
3203,0.792903882
3204,0.819004799
3205,0.792732119
3206,0.793153646
3207,0.792546259
3208,1.181372179
3209,0.793615894
3210,0.793360177
3211,0.793535547
3212,0.817842063
3213,0.792903962
3214,0.793368022
3215,0.793076366
3216,0.818406688
3217,0.793905976
3218,0.792564824
3219,0.792509627
3220,0.817758361
3221,0.793283929
3222,0.792545186
3223,0.792646843
3224,0.818168948
3225,0.789685137
3226,0.793629269
3227,0.795685368
3228,0.818341992
3229,0.79249547
3230,0.793073992
3231,0.79339787
3232,0.817736769
3233,0.792144278
3234,0.793068451
3235,0.792808176
3236,0.817894916
3237,0.793834087
3238,0.79333601
3239,0.792765524
3240,0.818006062
3241,0.793620903
3242,0.790747238
3243,0.79286153
3244,0.817746688
3245,0.79338246
3246,0.792540297
3247,0.789662895
3248,0.818856561
3249,0.792514857
3250,1.088660654
3251,1.001746367
3252,0.814976914
3253,0.794425213
3254,0.793472666
3255,0.792774271
3256,0.818267127
3257,0.793184537
3258,0.792840379
3259,0.792987314
3260,0.817362964
3261,0.793290262
3262,0.792524536
3263,0.79304251
3264,0.818007535
3265,0.793339307
3266,0.795837243
3267,0.792979409
3268,0.81739207
3269,0.793437006
3270,0.792955352
3271,0.792882771
3272,0.818351209
3273,0.792432669
3274,0.793268471
3275,0.793280173
3276,0.817755446
3277,0.792501653
3278,0.793579133
3279,0.792937258
3280,0.818331414
3281,0.792728212
3282,0.792736759
3283,0.792845901
3284,0.818162526
3285,0.797194787
3286,0.793243793
3287,0.793074364
3288,0.81788097
3289,0.792745456
3290,0.792780213
3291,0.792875057
3292,0.81826226
3293,0.79290262
3294,0.792827756
3295,0.792884957
3296,1.323211423
3297,1.508162369
3298,1.5086005
3299,1.508339533
3300,15.00470482
3301,1.004121709
3302,0.792771106
3303,0.793491403
3304,0.818218254
3305,0.792374126
3306,0.793449482
3307,0.793234695
3308,0.818678477
3309,0.793019387
3310,0.79284537
3311,0.793129691
3312,0.818111387
3313,0.792485381
3314,0.793560897
3315,0.792930576
3316,0.818522575
3317,0.792890537
3318,0.792581047
3319,0.792907951
3320,0.81796855
3321,0.792072841
3322,0.792750466
3323,0.792797196
3324,0.818220338
3325,0.792622467
3326,0.79320139
3327,0.793626505
3328,0.81831355
3329,0.79339711
3330,0.79280935
3331,0.792795333
3332,0.817923953
3333,0.792934532
3334,0.793581397
3335,0.792775164
3336,0.818101458
3337,0.792409824
3338,0.792524507
3339,0.793966986
3340,0.818039337
3341,0.793593952
3342,0.793247359
3343,0.792848636
3344,0.817841674
3345,0.792063382
3346,0.793227842
3347,0.793025349
3348,0.817953581
3349,0.792298469
3350,1.092393171
3351,1.00186984
3352,0.818506724
3353,0.792289962
3354,0.793435935
3355,0.793471644
3356,0.818215901
3357,0.791706811
3358,0.792632256
3359,0.793750005
3360,0.818273602
3361,0.790918802
3362,0.79343846
3363,0.792647175
3364,0.81809234
3365,0.791285474
3366,0.793249644
3367,0.793191
3368,0.818271949
3369,0.791383043
3370,0.793067932
3371,0.793271607
3372,0.818281177
3373,0.791332385
3374,0.793238452
3375,0.792707361
3376,0.817995473
3377,0.79106187
3378,0.793576588
3379,0.792975722
3380,0.818358878
3381,0.791589122
3382,0.7924073
3383,0.792934272
3384,0.818405808
3385,0.791692523
3386,0.793047381
3387,0.793119412
3388,0.818683537
3389,0.79070641
3390,0.792825632
3391,0.793411017
3392,0.818576319
3393,0.791433541
3394,0.792866932
3395,0.792925435
3396,1.321351044
3397,1.508509333
3398,1.509162079
3399,1.508627391
3400,15.70571615
3401,1.005139465
3402,0.793234948
3403,0.793104987
3404,0.818209511
3405,0.79170982
3406,0.793148632
3407,0.792702857
3408,0.818579629
3409,0.791810014
3410,0.793096861
3411,0.793944556
3412,0.818274838
3413,0.791779586
3414,0.792930539
3415,0.79248826
3416,0.817532628
3417,0.791408675
3418,0.792708959
3419,0.79325111
3420,0.818139064
3421,0.791652719
3422,0.793162058
3423,0.792768755
3424,1.20296639
3425,0.791422402
3426,0.792860903
3427,0.793624835
3428,0.818894661
3429,0.791228647
3430,0.792726503
3431,0.792790877
3432,0.819188651
3433,0.791362686
3434,0.792808842
3435,0.793068576
3436,0.818628153
3437,0.790904027
3438,0.793080089
3439,0.793316066
3440,0.818680364
3441,0.791069177
3442,0.793150905
3443,0.792510944
3444,0.818459066
3445,0.791052004
3446,0.79383842
3447,0.792451458
3448,0.818448805
3449,0.791804043
3450,1.092230857
3451,1.001295137
3452,0.821316398
3453,0.791243235
3454,0.792767292
3455,0.793109866
3456,0.818016265
3457,0.791136869
3458,0.792690031
3459,0.793098023
3460,0.817800197
3461,0.791164912
3462,0.79338557
3463,0.792882124
3464,0.817561483
3465,0.791229959
3466,0.79307562
3467,0.792774375
3468,0.818539992
3469,0.790595388
3470,0.792980786
3471,0.792687337
3472,0.817990637
3473,0.79011223
3474,0.793505994
3475,0.793123994
3476,0.818746302
3477,0.790583304
3478,0.792944175
3479,0.792719078
3480,0.817768706
3481,0.790808882
3482,0.792449565
3483,0.793348008
3484,0.818187779
3485,0.790797881
3486,0.793129844
3487,0.793010533
3488,0.81801348
3489,0.790957009
3490,0.794501596
3491,0.792498009
3492,0.818333121
3493,0.790888407
3494,0.792577764
3495,0.793069307
3496,1.320444715
3497,1.508178207
3498,1.508621738
3499,1.508868347
3500,15.67180389
3501,1.006694952
3502,0.793055992
3503,0.793322428
3504,0.818687098
3505,0.790581341
3506,0.793009321
3507,0.793362226
3508,0.818474936
3509,0.790593394
3510,0.792842588
3511,0.792839041
3512,0.817892977
3513,0.790269486
3514,0.792900591
3515,0.792904537
3516,0.81796174
3517,0.789840354
3518,0.792599125
3519,0.7932095
3520,0.817770399
3521,0.787272482
3522,0.792580669
3523,0.792244898
3524,0.817670526
3525,0.791193117
3526,0.792870272
3527,0.79323557
3528,0.817999363
3529,0.789935879
3530,0.793203617
3531,0.792819483
3532,0.817531474
3533,0.790206343
3534,0.793196845
3535,0.792731822
3536,0.817857517
3537,0.790002527
3538,0.792613072
3539,0.793363808
3540,0.817479955
3541,0.789965476
3542,0.792737302
3543,0.79284899
3544,0.820912695
3545,1.147797173
3546,0.793232454
3547,0.789178338
3548,0.818009181
3549,0.791595317
3550,1.091659802
3551,1.001346889
3552,0.818002889
3553,0.790401972
3554,0.79301927
3555,0.792654442
3556,0.817861354
3557,0.790771949
3558,0.792948573
3559,0.793077984
3560,0.817793013
3561,0.7894471
3562,0.792966707
3563,0.793123291
3564,0.818065591
3565,0.790147508
3566,0.793825474
3567,0.792856754
3568,0.818270559
3569,0.789835373
3570,0.79323051
3571,0.792919165
3572,0.818009102
3573,0.789832918
3574,0.793143852
3575,0.793834752
3576,0.818248616
3577,0.789682366
3578,0.793278312
3579,0.793275317
3580,0.820548087
3581,0.790443533
3582,0.792942461
3583,0.793423564
3584,0.818197417
3585,0.78978718
3586,0.792835363
3587,0.79267402
3588,0.817605038
3589,0.790087772
3590,0.793330614
3591,0.7928285
3592,0.818376785
3593,0.790315353
3594,0.793396742
3595,0.793173519
3596,1.319520657
3597,1.508044125
3598,1.508534927
3599,1.507993737
3600,13.60552192
3601,1.003894231
3602,0.793856995
3603,0.79315905
3604,0.818335715
3605,0.78973061
3606,0.793098423
3607,0.793286578
3608,0.81814231
3609,0.789989582
3610,0.79355513
3611,0.793010743
3612,0.818013661
3613,0.789826255
3614,0.792875992
3615,0.792957379
3616,0.818145536
3617,0.789861875
3618,0.792748484
3619,0.79278737
3620,0.817890432
3621,0.790384268
3622,0.792884037
3623,0.793201062
3624,0.818856656
3625,0.790244566
3626,0.793592322
3627,0.793052233
3628,0.818255209
3629,0.789747382
3630,0.793087362
3631,0.793269245
3632,0.81802358
3633,0.790082102
3634,0.79335488
3635,0.793229458
3636,0.819498821
3637,0.790562174
3638,0.793010172
3639,0.793183849
3640,0.819080781
3641,0.789789313
3642,0.793278694
3643,0.793420458
3644,0.818745871
3645,0.790280155
3646,0.794476988
3647,0.794700712
3648,0.820200202
3649,0.791054468
3650,1.093679991
3651,1.0022238
3652,0.819845354
3653,0.791082913
3654,0.795838088
3655,0.798395651
3656,0.82049798
3657,0.792102331
3658,0.79512258
3659,0.795345753
3660,0.821089137
3661,0.792477588
3662,0.796444354
3663,0.79761664
3664,0.82215758
3665,0.793010633
3666,0.796814894
3667,0.797040771
3668,0.821988903
3669,0.793462941
3670,0.79683394
3671,0.797475772
3672,0.822222081
3673,0.793879125
3674,0.797962898
3675,0.798416236
3676,0.82356703
3677,0.794977164
3678,0.798169428
3679,0.7984024
3680,0.823550458
3681,0.79478418
3682,0.798327244
3683,0.79915022
3684,0.823426318
3685,0.795735135
3686,0.799151082
3687,0.799611385
3688,0.825132829
3689,0.796111034
3690,0.799425635
3691,0.799668536
3692,0.828069375
3693,0.796949932
3694,0.799617928
3695,0.800185419
3696,1.326469857
3697,1.507270017
3698,1.507507328
3699,1.507140977
3700,15.38511388
3701,1.016069935
3702,0.801183245
3703,0.801617066
3704,0.826144922
3705,0.798606345
3706,0.800915425
3707,0.801435213
3708,0.826886981
3709,0.798630111
3710,0.801699005
3711,0.802258782
3712,0.827079795
3713,0.798266115
3714,0.801496672
3715,0.801960042
3716,0.828348647
3717,0.799212932
3718,0.802545267
3719,0.802767939
3720,0.828403243
3721,0.799466804
3722,0.802963338
3723,0.803104482
3724,0.828281918
3725,0.800300282
3726,0.803264422
3727,0.803419883
3728,0.828701953
3729,0.800009557
3730,0.804028064
3731,0.804512023
3732,0.828820753
3733,0.800138779
3734,0.803633519
3735,0.804018786
3736,0.830275575
3737,0.800930995
3738,0.804079364
3739,0.804315251
3740,0.830140343
3741,0.801434853
3742,0.804603049
3743,0.805240877
3744,0.829884687
3745,0.802173987
3746,0.80574774
3747,0.805229375
3748,0.830687965
3749,0.801846381
3750,1.104094437
3751,1.001071688
3752,0.83091695
3753,0.802809129
3754,0.805924253
3755,0.806631675
3756,0.831907261
3757,0.80354684
3758,0.807272047
3759,0.806813186
3760,0.832210108
3761,0.803978086
3762,0.807007154
3763,0.806960222
3764,0.832280455
3765,0.804289291
3766,0.807110714
3767,0.807405797
3768,0.832416128
3769,0.805168175
3770,0.806963899
3771,0.80811904
3772,0.832464171
3773,0.804944171
3774,0.807118169
3775,0.807630492
3776,0.832819421
3777,0.805263411
3778,0.807723803
3779,0.808220198
3780,0.833431698
3781,0.80573198
3782,0.808191141
3783,0.808052671
3784,0.833786176
3785,0.806650772
3786,0.808414874
3787,0.808687984
3788,0.83340131
3789,0.8060824
3790,0.808533374
3791,0.809566238
3792,0.834027445
3793,0.80613407
3794,0.808695318
3795,0.809022835
3796,1.335348661
3797,1.508185214
3798,1.508191986
3799,1.508105399
3800,14.13615651
3801,0.962679973
3802,0.774739422
3803,0.775427136
3804,0.7996506
3805,0.768835498
3806,0.774204013
3807,0.774273849
3808,0.800703764
3809,0.768550405
3810,0.774349696
3811,0.774447797
3812,0.800303106
3813,1.088497904
3814,0.774714032
3815,0.774435061
3816,0.799591575
3817,0.769386698
3818,0.773910443
3819,0.774203112
3820,0.799230936
3821,0.767992893
3822,0.774090353
3823,0.774522761
3824,0.799586195
3825,0.768018353
3826,0.774086846
3827,0.774033512
3828,0.799675739
3829,0.768371748
3830,0.774163125
3831,0.774257195
3832,0.800379794
3833,0.768260052
3834,0.773962695
3835,1.129384656
3836,0.799334938
3837,0.768799508
3838,0.774587598
3839,0.774294379
3840,0.799452736
3841,0.768109269
3842,0.77434667
3843,0.775483846
3844,0.799223101
3845,0.768620932
3846,0.774609781
3847,0.775216076
3848,0.799394373
3849,0.768605081
3850,1.054771043
3851,0.960433966
3852,0.799111404
3853,0.768371888
3854,0.773908439
3855,0.774260343
3856,0.799688193
3857,0.768253268
3858,0.774504997
3859,0.774382378
3860,0.79991359
3861,0.768626613
3862,0.7744601
3863,0.775808176
3864,0.799757147
3865,0.768396056
3866,0.774421947
3867,0.774732648
3868,0.799896748
3869,0.770116112
3870,0.774318124
3871,0.774017311
3872,0.7991299
3873,0.769137604
3874,0.774038913
3875,0.774197901
3876,0.800806483
3877,0.76922834
3878,0.774108518
3879,0.774638376
3880,0.799436775
3881,0.769676049
3882,0.774044514
3883,0.774419812
3884,0.799102948
3885,0.769979507
3886,0.775445121
3887,0.77418192
3888,0.799660169
3889,0.769928669
3890,0.774154998
3891,0.774494457
3892,0.798766705
3893,0.77093454
3894,0.773607406
3895,0.774003785
3896,1.273296089
3897,1.439304241
3898,1.440860109
3899,1.440849499
3900,14.52039591
3901,0.960614436
3902,0.774341991
3903,0.773988595
3904,0.799773609
3905,0.769889944
3906,0.774489667
3907,0.774318825
3908,0.799651442
3909,0.77050644
3910,0.774916134
3911,0.774435813
3912,0.799736878
3913,0.770199574
3914,0.774278678
3915,0.77446011
3916,0.799074553
3917,0.77024927
3918,0.774440983
3919,0.77464549
3920,0.799559765
3921,0.769414081
3922,0.774092386
3923,0.77319247
3924,0.798247749
3925,0.769161039
3926,0.773760873
3927,0.773948116
3928,0.798663556
3929,0.769360507
3930,0.774007391
3931,0.773664166
3932,0.799022312
3933,0.769538442
3934,0.773977573
3935,0.774163661
3936,0.79903358
3937,0.769130356
3938,0.773383476
3939,0.773286589
3940,0.798492189
3941,0.769587803
3942,0.77336469
3943,0.773453483
3944,0.798232004
3945,0.769616329
3946,0.773477679
3947,0.773321607
3948,0.798581602
3949,0.769696143
3950,1.050603061
3951,0.958649529
3952,0.797985676
3953,0.769788703
3954,0.773776369
3955,0.773513379
3956,0.798341797
3957,0.770141698
3958,0.773066933
3959,0.7733335
3960,0.798227215
3961,0.769319834
3962,0.77310158
3963,0.773481858
3964,0.798335995
3965,0.771059639
3966,0.773375591
3967,0.774426681
3968,0.798547846
3969,0.769165806
3970,0.773810636
3971,0.773716333
3972,0.798318812
3973,0.769477168
3974,0.773236211
3975,0.773743035
3976,0.798055251
3977,0.769234357
3978,0.773776861
3979,0.77384865
3980,0.797900521
3981,0.768973602
3982,0.773305565
3983,0.772826516
3984,0.797416932
3985,0.76967874
3986,0.773590589
3987,0.774262392
3988,0.797966058
3989,0.769383016
3990,0.772803863
3991,0.773063166
3992,0.798161707
3993,0.768805616
3994,0.773019461
3995,0.773377265
3996,1.272910133
3997,1.438114304
3998,1.437943033
3999,1.438510623
4000,14.26316597
4001,0.959242038
4002,0.772916371
4003,0.773245028
4004,0.79731234
4005,0.768978441
4006,0.772680884
4007,0.773043377
4008,0.797272763
4009,0.769242173
4010,0.772395741
4011,0.772704199
4012,0.79770402
4013,0.768274475
4014,0.772567845
4015,0.772511175
4016,0.797065911
4017,0.768816978
4018,0.772286248
4019,0.772538408
4020,0.796489874
4021,0.768167718
4022,0.771959474
4023,0.77177704
4024,0.795703629
4025,0.767388577
4026,0.771199651
4027,0.77102921
4028,0.795844582
4029,0.767085048
4030,0.770909498
4031,0.771041624
4032,0.796125156
4033,0.767046774
4034,0.770146126
4035,0.771347237
4036,0.796111279
4037,0.767643933
4038,0.770983391
4039,0.770861134
4040,0.795611921
4041,0.76715869
4042,0.770582874
4043,0.770731533
4044,0.795407795
4045,0.766681515
4046,0.77114777
4047,0.771375622
4048,0.795549069
4049,0.766760529
4050,1.04682389
4051,0.955590744
4052,0.796289596
4053,0.767492318
4054,0.771239057
4055,0.770944175
4056,0.795957522
4057,0.766815645
4058,0.77108586
4059,0.770796379
4060,0.795959836
4061,0.766812929
4062,0.771939806
4063,0.770644634
4064,0.7961787
4065,0.766763334
4066,0.770747363
4067,0.771510764
4068,0.795517276
4069,0.798974946
4070,0.780143242
4071,0.77126133
4072,0.795702406
4073,0.767066793
4074,0.770650405
4075,0.770752022
4076,0.795641288
4077,0.767729638
4078,0.770631377
4079,0.771081722
4080,0.795800718
4081,0.767437582
4082,0.772558667
4083,0.771545892
4084,0.796024852
4085,0.767444325
4086,0.770966949
4087,0.771558297
4088,0.796620648
4089,0.76742651
4090,0.771725031
4091,0.771996115
4092,0.796431512
4093,0.768598575
4094,0.771539409
4095,0.77161196
4096,1.273845709
4097,1.436340403
4098,1.438313331
4099,1.438558146
4100,12.97771754
4101,0.962609311
4102,0.771243846
4103,0.771791519
4104,0.796238397
4105,0.767894609
4106,0.772363759
4107,0.771401994
4108,0.796616981
4109,0.76839011
4110,0.771653752
4111,0.772995795
4112,0.796506346
4113,0.767930187
4114,0.77183768
4115,0.772206244
4116,0.796189541
4117,0.768435187
4118,0.77174616
4119,0.771366113
4120,0.795940488
4121,0.768188228
4122,0.771443815
4123,0.771465817
4124,0.796750049
4125,0.768258154
4126,0.771129875
4127,0.77120464
4128,0.795918646
4129,0.767110047
4130,0.771083386
4131,0.771293984
4132,1.105920379
4133,0.767645024
4134,0.771653541
4135,0.770852237
4136,0.79620929
4137,0.76729202
4138,0.770630626
4139,0.771646228
4140,0.795378838
4141,0.76810143
4142,0.770678029
4143,0.770888898
4144,0.795542126
4145,0.767656096
4146,0.770254056
4147,0.770751251
4148,0.795778173
4149,0.767929566
4150,1.047092271
4151,0.956513455
4152,0.796258886
4153,0.768518839
4154,0.771115317
4155,0.771815476
4156,0.796215573
4157,0.768238096
4158,0.771244467
4159,0.771767112
4160,0.796428586
4161,0.76889518
4162,0.771776139
4163,0.771713849
4164,0.796242905
4165,0.769548457
4166,0.77192594
4167,0.771979884
4168,0.79654998
4169,0.768954655
4170,0.774672438
4171,0.772093855
4172,0.796410531
4173,0.768415469
4174,0.771430739
4175,0.771901112
4176,0.796742515
4177,0.769066793
4178,0.771602332
4179,0.772474162
4180,0.796918055
4181,0.768602352
4182,0.771761911
4183,0.772556403
4184,0.796295227
4185,0.768590389
4186,0.772371484
4187,0.772372876
4188,0.797062084
4189,0.768775238
4190,0.772612672
4191,0.772358299
4192,0.797000374
4193,0.768855342
4194,0.772584898
4195,0.771830545
4196,1.274524024
4197,1.438651768
4198,1.440212856
4199,1.44021985
4200,13.70260825
4201,0.957766406
4202,0.773855963
4203,0.773170014
4204,0.797727335
4205,0.76926161
4206,0.772774094
4207,0.772485982
4208,0.79692301
4209,0.769571116
4210,0.772960453
4211,0.772664108
4212,0.797341061
4213,0.770069473
4214,0.772886729
4215,0.772723522
4216,0.797102208
4217,0.769440393
4218,0.772398051
4219,0.772408101
4220,0.79754647
4221,0.769252238
4222,0.772547111
4223,0.773007514
4224,0.797623549
4225,0.769527652
4226,0.773336592
4227,0.772841301
4228,0.797743872
4229,0.770868274
4230,0.773171121
4231,0.773650591
4232,0.797574755
4233,0.769744022
4234,0.772983767
4235,0.773255956
4236,0.797410436
4237,0.769707982
4238,0.772959219
4239,0.772850088
4240,0.797546229
4241,0.769838595
4242,0.773260775
4243,0.773231238
4244,0.798367032
4245,0.769919262
4246,0.772766657
4247,0.773504929
4248,0.79835067
4249,0.769605093
4250,1.049436382
4251,0.957793392
4252,0.798062621
4253,0.770183175
4254,0.772638418
4255,0.773032602
4256,0.797753141
4257,0.770037501
4258,0.773010559
4259,0.773159207
4260,0.798663617
4261,0.770005439
4262,0.772987795
4263,0.772671061
4264,0.798178145
4265,0.769975271
4266,0.773126765
4267,0.772683314
4268,0.798185931
4269,0.769842183
4270,0.773134349
4271,0.773341521
4272,0.798125343
4273,0.77033082
4274,0.772798699
4275,0.773084794
4276,0.798063203
4277,0.769559975
4278,0.772488927
4279,0.772582579
4280,0.798463378
4281,0.770058001
4282,0.772780032
4283,0.77370657
4284,0.798220056
4285,0.770157173
4286,0.773075706
4287,0.77293874
4288,0.799309129
4289,0.770819078
4290,0.773287207
4291,0.773002524
4292,0.798893332
4293,0.769576307
4294,0.772893983
4295,0.772829799
4296,1.275544026
4297,1.440483804
4298,1.440448154
4299,1.440443446
4300,13.15460391
4301,0.958835554
4302,0.773386599
4303,0.772570827
4304,0.798533454
4305,0.769009608
4306,0.772630642
4307,0.773088771
4308,0.797969441
4309,0.770081126
4310,0.772532421
4311,0.772793719
4312,0.799016683
4313,0.76904686
4314,0.772823257
4315,0.772988537
4316,0.798751727
4317,0.769307676
4318,0.772028715
4319,0.772224274
4320,0.797551319
4321,0.768177773
4322,0.771864686
4323,0.771417098
4324,0.797663176
4325,0.767268811
4326,0.771590705
4327,0.771479488
4328,0.797073532
4329,0.767790953
4330,0.77159363
4331,0.771544025
4332,0.797474089
4333,0.767489467
4334,0.770751367
4335,0.771044675
4336,0.797722751
4337,0.767535728
4338,0.771342794
4339,0.770924683
4340,0.798149389
4341,0.767310641
4342,0.771272868
4343,0.771259632
4344,0.797688135
4345,0.766950473
4346,0.770700909
4347,0.771411016
4348,0.79693835
4349,0.767824378
4350,1.045852429
4351,0.955575479
4352,0.797374416
4353,0.767631174
4354,0.772434582
4355,0.771632055
4356,0.797514428
4357,0.767680208
4358,0.771587358
4359,0.771611175
4360,0.797347483
4361,0.768778099
4362,0.772415234
4363,0.772064664
4364,0.798293379
4365,0.767873393
4366,0.771796194
4367,0.77194397
4368,0.79814461
4369,0.767511341
4370,0.772185168
4371,0.771986964
4372,0.797895828
4373,0.767514557
4374,0.771308968
4375,0.771615543
4376,0.79796422
4377,0.767476574
4378,0.772245406
4379,0.771608649
4380,0.797289251
4381,0.769970212
4382,0.771865608
4383,0.772308618
4384,0.798558534
4385,0.769224744
4386,0.77243351
4387,0.773446615
4388,0.799513776
4389,0.770185659
4390,0.772040658
4391,0.772114241
4392,0.79859334
4393,0.768414933
4394,0.772571878
4395,0.771161453
4396,1.273384857
4397,1.437032779
4398,1.437327851
4399,1.437775119
4400,15.52374779
4401,0.956403596
4402,0.771125483
4403,0.771739423
4404,0.797589353
4405,0.768115554
4406,0.771823798
4407,0.771120423
4408,0.797110063
4409,0.767801724
4410,0.770171231
4411,0.77095971
4412,0.795745256
4413,0.767183524
4414,0.770352142
4415,0.770027492
4416,0.79573223
4417,0.766861751
4418,0.771565055
4419,0.770209606
4420,0.796186641
4421,0.767095995
4422,0.770387791
4423,0.769987394
4424,0.79628363
4425,0.767926286
4426,0.769783138
4427,0.770767117
4428,0.795635963
4429,0.76771697
4430,1.095074081
4431,0.770060446
4432,0.79534532
4433,0.76817077
4434,0.770252729
4435,0.770288608
4436,0.794777077
4437,0.767339406
4438,0.770693784
4439,0.77107796
4440,0.795816233
4441,0.767444611
4442,0.770133418
4443,0.769965542
4444,0.795239063
4445,0.766791234
4446,0.770156271
4447,0.770162394
4448,0.794921357
4449,0.76731002
4450,1.046756704
4451,0.951347958
4452,0.793955764
4453,0.766712682
4454,0.768903181
4455,0.769069303
4456,0.793770234
4457,0.766405145
4458,0.768604922
4459,0.768803678
4460,0.794086407
4461,0.766855378
4462,0.769699987
4463,0.768022442
4464,0.793225977
4465,0.765676902
4466,0.767751236
4467,0.767820461
4468,0.792400296
4469,0.765429953
4470,0.767540016
4471,0.768016751
4472,0.792405326
4473,0.76548504
4474,0.76751105
4475,0.767930785
4476,0.792297336
4477,0.765446976
4478,0.767717211
4479,0.767653005
4480,0.792388834
4481,0.765348485
4482,0.767705548
4483,0.767947156
4484,0.791783519
4485,0.765040076
4486,0.767297236
4487,0.767800521
4488,0.792249203
4489,0.764956895
4490,0.767072228
4491,0.767118108
4492,0.792030919
4493,0.765415976
4494,0.766803917
4495,0.767084381
4496,1.271217568
4497,1.432198556
4498,1.432562182
4499,1.432928152
4500,16.85313694
4501,1.311813175
4502,0.748082668
4503,0.746325828
4504,0.770008014
4505,0.741325748
4506,0.74633192
4507,0.746344775
4508,0.77069751
4509,0.741252687
4510,0.746043361
4511,0.746506991
4512,0.77026409
4513,0.741206157
4514,0.747246194
4515,0.746367339
4516,0.770512282
4517,0.740842561
4518,0.745964688
4519,0.745924179
4520,0.770054142
4521,0.740885685
4522,0.747080042
4523,0.746105422
4524,0.769765984
4525,0.741071906
4526,0.746227658
4527,0.745973164
4528,0.769773268
4529,0.742492873
4530,0.745595321
4531,0.745868592
4532,0.769892689
4533,0.740710685
4534,0.745679865
4535,0.746114228
4536,0.769629048
4537,0.741403049
4538,0.746487122
4539,0.746179706
4540,0.769129329
4541,0.740922676
4542,0.746065123
4543,0.74581633
4544,1.132599283
4545,0.740472944
4546,0.745606984
4547,0.745508123
4548,0.770160689
4549,0.741150558
4550,1.017855035
4551,0.925365954
4552,0.76944959
4553,0.741628486
4554,0.745540766
4555,0.745562117
4556,0.768636592
4557,0.74042469
4558,0.744962293
4559,0.745474598
4560,0.76849116
4561,0.73950127
4562,0.745493474
4563,0.74556355
4564,0.768117105
4565,0.740631512
4566,0.744442676
4567,0.744537689
4568,0.768874835
4569,0.740100852
4570,0.744932166
4571,0.744139497
4572,0.767838144
4573,0.739688151
4574,0.745062588
4575,0.744845727
4576,0.768128927
4577,0.740460941
4578,0.744303776
4579,0.744566656
4580,0.767705607
4581,0.740419991
4582,1.096602608
4583,0.744391206
4584,0.767664957
4585,0.739516949
4586,0.744062869
4587,0.74400185
4588,0.767286263
4589,0.739605522
4590,0.744252557
4591,0.744216878
4592,0.767215145
4593,0.73994508
4594,0.743996329
4595,0.744504656
4596,1.23128155
4597,1.394265835
4598,1.394674208
4599,1.396075226
4600,13.59166309
4601,0.930402544
4602,0.744992833
4603,0.743797984
4604,0.767781894
4605,0.740307704
4606,0.743799988
4607,0.743981792
4608,0.767017641
4609,0.738842311
4610,0.743738269
4611,0.744014054
4612,0.766977224
4613,0.739106373
4614,0.743397517
4615,0.743457444
4616,0.766806582
4617,0.738508914
4618,0.743309237
4619,0.743463275
4620,0.76635168
4621,0.73830597
4622,0.743556817
4623,0.744153114
4624,0.766804858
4625,0.739022881
4626,0.744011398
4627,1.054762137
4628,0.76720215
4629,0.738545334
4630,0.743428999
4631,0.743655428
4632,0.767955251
4633,0.738755132
4634,0.743819416
4635,0.74424917
4636,0.767460812
4637,0.738398289
4638,0.743495508
4639,1.064204254
4640,0.768008064
4641,0.739008252
4642,0.744043972
4643,0.744484086
4644,0.767085083
4645,0.739019895
4646,0.743320138
4647,0.743959849
4648,0.767381768
4649,0.738595722
4650,1.014619008
4651,0.922093705
4652,0.767523844
4653,0.73872379
4654,0.74362021
4655,0.743860526
4656,0.767054123
4657,0.738834315
4658,0.744432446
4659,0.743678473
4660,0.767083069
4661,0.738878971
4662,1.12537077
4663,0.743873751
4664,0.767475661
4665,0.739332351
4666,0.744515557
4667,0.744411876
4668,0.76755796
4669,0.739776142
4670,0.744937255
4671,0.744597025
4672,0.76781067
4673,0.739631021
4674,0.744174937
4675,0.745160498
4676,0.768251545
4677,0.74055847
4678,0.744735103
4679,0.745127103
4680,0.76795505
4681,0.740122585
4682,0.7451561
4683,0.744927907
4684,0.768644919
4685,0.740319066
4686,0.744794197
4687,0.745085804
4688,0.768936855
4689,0.741403288
4690,0.745650258
4691,0.747093248
4692,0.768854355
4693,0.742140509
4694,0.746452294
4695,0.747349195
4696,1.596378592
4697,1.390617578
4698,1.390754704
4699,1.392174528
4700,14.28709797
4701,0.922718557
4702,0.747358823
4703,0.747291602
4704,0.771215896
4705,0.742714022
4706,0.747717708
4707,0.748931073
4708,0.771643525
4709,0.744301322
4710,0.748645579
4711,0.748492853
4712,0.771689956
4713,0.743516268
4714,0.747888009
4715,0.749086645
4716,0.771936655
4717,0.743624678
4718,0.748945431
4719,0.748739631
4720,0.772025277
4721,0.743921675
4722,0.748997282
4723,0.748839004
4724,0.772495519
4725,0.744271964
4726,0.749235063
4727,0.748938598
4728,0.772672292
4729,0.745103508
4730,0.749101915
4731,0.750985599
4732,0.772508153
4733,0.744241475
4734,0.750447355
4735,0.749961873
4736,0.773998374
4737,0.745198021
4738,0.750732848
4739,0.750802934
4740,0.773865897
4741,0.744834536
4742,0.750354645
4743,0.750624228
4744,0.773940462
4745,0.745885745
4746,0.750555695
4747,0.751035355
4748,0.77421233
4749,0.74649655
4750,1.02009442
4751,0.923772943
4752,0.773926936
4753,0.74594519
4754,0.751060645
4755,0.751080263
4756,0.774586957
4757,0.745740623
4758,0.750770612
4759,0.751067418
4760,0.77393411
4761,0.745610672
4762,0.751227528
4763,0.751794648
4764,0.774130711
4765,0.745614068
4766,0.750671871
4767,0.750579521
4768,0.774239903
4769,0.745496231
4770,0.751353396
4771,0.751133209
4772,0.774222031
4773,0.746277449
4774,0.750758803
4775,0.750967657
4776,0.774223523
4777,0.746030239
4778,0.7506031
4779,0.750844358
4780,0.774302988
4781,0.745750727
4782,0.750756417
4783,0.750946497
4784,0.774151063
4785,0.745189808
4786,0.751020239
4787,0.750603602
4788,0.774579464
4789,0.745358726
4790,0.750348196
4791,0.751177164
4792,0.77357719
4793,0.74507714
4794,0.750119121
4795,0.749380389
4796,1.235893273
4797,1.391878955
4798,1.392074315
4799,1.392899816
4800,14.5871186
4801,0.922716661
4802,0.749154751
4803,0.749534848
4804,0.772433421
4805,0.744541401
4806,0.748402751
4807,0.748552582
4808,0.772105785
4809,0.743294762
4810,0.748323728
4811,0.748274492
4812,0.772466906
4813,0.743999699
4814,0.748096427
4815,0.748765205
4816,0.772601276
4817,0.74388066
4818,0.748047803
4819,0.748085075
4820,0.771511633
4821,0.744109162
4822,0.747691994
4823,0.74793266
4824,0.771251518
4825,0.74452098
4826,0.748043955
4827,0.747698225
4828,0.772184547
4829,0.744208405
4830,0.74745355
4831,0.747772488
4832,0.771686753
4833,0.743739675
4834,0.747866562
4835,0.74731461
4836,0.771263471
4837,0.745290703
4838,0.747741208
4839,0.747739295
4840,0.772405456
4841,0.743864307
4842,0.748579043
4843,0.748188345
4844,0.772713474
4845,0.744777358
4846,0.748212603
4847,0.748363996
4848,0.772660882
4849,0.744941707
4850,1.017626305
4851,0.922110264
4852,0.774361171
4853,0.744613179
4854,0.7480877
4855,0.748567601
4856,0.773445554
4857,0.745043034
4858,0.748622198
4859,0.748522233
4860,0.773217542
4861,0.744676242
4862,0.748343647
4863,0.749068192
4864,0.773673857
4865,0.744352894
4866,0.748482406
4867,0.748691131
4868,0.773899384
4869,0.744387723
4870,0.748305833
4871,0.74913412
4872,0.772811214
4873,0.744829439
4874,0.749596707
4875,0.748884436
4876,0.773884636
4877,0.744519799
4878,0.748785293
4879,0.748390137
4880,0.775280444
4881,0.74322162
4882,1.117068213
4883,0.74844327
4884,0.775030249
4885,0.743512374
4886,0.748680821
4887,0.748253973
4888,0.775083712
4889,0.743774202
4890,0.748712082
4891,0.748770905
4892,0.775181562
4893,0.743447578
4894,0.749023677
4895,0.748919604
4896,1.242140092
4897,1.394090305
4898,1.702483358
4899,1.395214827
4900,18.80833138
4901,0.926557412
4902,0.748692944
4903,0.749129902
4904,0.775341623
4905,0.743475312
4906,0.749465344
4907,0.749631856
4908,0.77592281
4909,0.743451095
4910,0.748791836
4911,0.749158899
4912,0.776154269
4913,0.786509879
4914,0.74513371
4915,0.749519468
4916,0.777974241
4917,0.743072561
4918,0.748921327
4919,0.749425216
4920,0.775658197
4921,0.743685901
4922,0.749591527
4923,0.749344849
4924,0.775550628
4925,0.743823267
4926,0.749320682
4927,0.749615024
4928,0.77557217
4929,0.744061369
4930,0.749318478
4931,0.749822966
4932,0.775361763
4933,0.74449988
4934,0.749023536
4935,0.749446326
4936,0.7756754
4937,0.744144762
4938,0.7498351
4939,0.748967487
4940,0.77499453
4941,0.74447933
4942,0.749202843
4943,0.749827997
4944,0.776130833
4945,0.745745167
4946,0.750770896
4947,0.750064997
4948,0.776156694
4949,0.746544376
4950,1.023039698
4951,0.922630063
4952,0.774579385
4953,0.746050538
4954,0.750024568
4955,0.749938792
4956,0.77408235
4957,0.74816497
4958,0.750143999
4959,0.750202533
4960,0.774434333
4961,0.747340841
4962,0.749996463
4963,0.751498087
4964,0.774613641
4965,0.747750626
4966,0.750176653
4967,0.751083491
4968,0.774266858
4969,0.746802387
4970,0.750228353
4971,0.75055636
4972,0.773815402
4973,0.74747925
4974,0.750828448
4975,0.750730848
4976,0.774140924
4977,0.748240677
4978,0.75072726
4979,0.751054917
4980,0.774159039
4981,0.748327796
4982,0.750904535
4983,0.751002445
4984,0.775073102
4985,0.74824183
4986,0.750946326
4987,0.751317697
4988,0.774438701
4989,0.748443541
4990,0.751302717
4991,0.750502966
4992,0.773678877
4993,0.748230988
4994,0.750911047
4995,0.751339519
4996,1.247920696
4997,1.396325892
4998,1.399279422
4999,1.399224326
5000,15.61907186
